{
  "format_version": "1.12.0",
  "minecraft:geometry": [
    {
      "description": {
        "identifier": "geometry.unknown",
        "texture_width": 64,
        "texture_height": 64,
        "visible_bounds_width": 4,
        "visible_bounds_height": 1.5,
        "visible_bounds_offset": [0, 0.25, 0]
      },
      "bones": [
        {
          "name": "root",
          "pivot": [0, 0, 0]
        },
        {
          "name": "tynamo",
          "parent": "root",
          "pivot": [0, 0, 0]
        },
        {
          "name": "head",
          "parent": "tynamo",
          "pivot": [0, 2, 3],
          "cubes": [
            { "origin": [-3, 0, -1], "size": [4, 4, 4], "uv": [16, 16] }
          ]
        },
        {
          "name": "Mouth",
          "parent": "head",
          "pivot": [-1, 2, -1.01],
          "rotation": [0, 0, 45],
          "cubes": [
            { "origin": [-2.5, 0.5, -1.01], "size": [3, 3, 0], "uv": [18, 0] }
          ]
        },
        {
          "name": "Righteyae",
          "parent": "head",
          "pivot": [0, 0, 0],
          "cubes": [
            { "origin": [1.01, 0.5, 0], "size": [0, 3, 2], "uv": [14, 0] }
          ]
        },
        {
          "name": "lefteye",
          "parent": "head",
          "pivot": [0, 0, 0],
          "cubes": [
            { "origin": [-3.01, 0.5, 0], "size": [0, 3, 2], "uv": [0, 0] }
          ]
        },
        {
          "name": "Torso",
          "parent": "tynamo",
          "pivot": [0, 2, 2],
          "cubes": [{ "origin": [-3, 0, 2], "size": [4, 4, 6], "uv": [0, 0] }]
        },
        {
          "name": "Tail1",
          "parent": "Torso",
          "pivot": [0, 1.7, 8.2],
          "cubes": [
            { "origin": [-2.5, 0.25, 7], "size": [3, 3.5, 3], "uv": [20, 8] }
          ]
        },
        {
          "name": "Tail2",
          "parent": "Tail1",
          "pivot": [0, 2.3, 10.2],
          "cubes": [
            { "origin": [-2, 0.5, 9], "size": [2, 3, 5], "uv": [20, 0] }
          ]
        },
        {
          "name": "Fin3",
          "parent": "Tail2",
          "pivot": [-1, 2, 5.3],
          "cubes": [
            { "origin": [-1, -3, 10], "size": [0, 10, 10], "uv": [0, 0] }
          ]
        },
        {
          "name": "Fin2",
          "parent": "Tail1",
          "pivot": [-1, 2, 5.3],
          "cubes": [
            { "origin": [-1, -3, 8], "size": [0, 10, 2], "uv": [16, 22] }
          ]
        },
        {
          "name": "Fin",
          "parent": "Torso",
          "pivot": [-1, 2, 5.3],
          "cubes": [
            { "origin": [-1, -3, 0], "size": [0, 10, 8], "uv": [0, 12] }
          ]
        }
      ]
    }
  ]
}
