{
	"format_version": "1.12.0",
	"minecraft:geometry": [
		{
			"description": {
				"identifier": "geometry.glalie_mega",
				"texture_width": 216,
				"texture_height": 208,
				"visible_bounds_width": 5,
				"visible_bounds_height": 5.5,
				"visible_bounds_offset": [0, 2.25, 0]
			},
			"bones": [
				{
					"name": "glalie_mega",
					"pivot": [0, 0, 0]
				},
				{
					"name": "head",
					"parent": "glalie_mega",
					"pivot": [-0.0085, 26.03098, -2.34286]
				},
				{
					"name": "jaw_top",
					"parent": "head",
					"pivot": [-0.0085, 42.03098, -2.34286],
					"cubes": [
						{"origin": [2.61, 47.24, -12.505], "size": [5, 3, 25], "inflate": 0.19, "uv": [150, 37]},
						{"origin": [-7.61, 47.24, -12.505], "size": [5, 3, 25], "inflate": 0.19, "uv": [150, 0], "mirror": true},
						{"origin": [-2.5, 47.225, -12.5], "size": [5, 2, 4], "inflate": 0.19, "uv": [150, 30]},
						{"origin": [-2.5, 47.225, 8.5], "size": [5, 2, 4], "inflate": 0.19, "uv": [192, 30]},
						{"origin": [-13.2, 34.725, -12.625], "size": [5, 13, 12], "inflate": 0.2, "pivot": [-11.2, 46.7, -7.7], "rotation": [0, 0, -52.5], "uv": [91, 26], "mirror": true},
						{"origin": [8.2, 34.725, -12.625], "size": [5, 13, 12], "inflate": 0.2, "pivot": [11.2, 46.7, -7.7], "rotation": [0, 0, 52.5], "uv": [126, 26], "mirror": true},
						{"origin": [-12.5, 23, -12.5], "size": [25, 25, 25], "inflate": 0.2, "uv": [0, 27]},
						{"origin": [-11.5, 30.02644, 12.69952], "size": [23, 8, 0], "pivot": [0.05, 38.01747, 12.55], "rotation": [17.5, 0, 0], "uv": [101, 68]},
						{"origin": [-12.5, -2, -12.5], "size": [25, 25, 25], "inflate": -25.2, "pivot": [0, 23, 0], "rotation": [180, 0, 0], "uv": [0, 27]},
						{"origin": [-12.5, 39, -12.5], "size": [25, 9, 25], "uv": [0, 78]},
						{"origin": [-12.5, 33, -12.5], "size": [25, 6, 3], "uv": [16, 130]}
					]
				},
				{
					"name": "horn_left",
					"parent": "jaw_top",
					"pivot": [8.25, 44.4, 4],
					"rotation": [0, 0, 52.5],
					"cubes": [
						{"origin": [3.75, 38.4, -0.5], "size": [9, 16, 9], "uv": [86, 0]},
						{"origin": [5.75, 53.4, 1.5], "size": [5, 8, 5], "uv": [123, 9]},
						{"origin": [8.25, 61.4, 1.5], "size": [0, 6, 5], "uv": [133, -3]},
						{"origin": [8.25, 61.4, 1.5], "size": [0, 6, 5], "pivot": [8.25, 64.4, 4], "rotation": [0, -90, 0], "uv": [122, -3]}
					]
				},
				{
					"name": "horn_right",
					"parent": "jaw_top",
					"pivot": [-8.25, 44.4, 4],
					"rotation": [0, 0, -52.5],
					"cubes": [
						{"origin": [-12.75, 38.4, -0.5], "size": [9, 16, 9], "uv": [21, 0]},
						{"origin": [-10.75, 53.4, 1.5], "size": [5, 8, 5], "uv": [0, 9]},
						{"origin": [-8.25, 61.4, 1.5], "size": [0, 6, 5], "uv": [0, -3], "mirror": true},
						{"origin": [-8.25, 61.4, 1.5], "size": [0, 6, 5], "pivot": [-8.25, 64.4, 4], "rotation": [0, 90, 0], "uv": [11, -3], "mirror": true}
					]
				},
				{
					"name": "horn_front",
					"parent": "jaw_top",
					"pivot": [0, 43.8, -10.25],
					"rotation": [63.659, 23.92747, 39.32269],
					"cubes": [
						{"origin": [-3, 43.8, -13.25], "size": [6, 6, 6], "uv": [60, 13]},
						{"origin": [-2, 49.8, -12.25], "size": [4, 5, 4], "uv": [64, 4]},
						{"origin": [0, 53.8, -12.75], "size": [0, 7, 5], "pivot": [0, 57.3, -10.25], "rotation": [0, 45, 0], "uv": [57, -5]},
						{"origin": [0, 53.8, -12.75], "size": [0, 7, 5], "pivot": [0, 57.3, -10.25], "rotation": [-180, 45, 180], "uv": [77, -5]}
					]
				},
				{
					"name": "eye_left",
					"parent": "jaw_top",
					"pivot": [6, 39, -12.6],
					"rotation": [0, 0, -5],
					"cubes": [
						{"origin": [2.5, 36, -12.6], "size": [7, 6, 0], "uv": [130, 57]}
					]
				},
				{
					"name": "eyelid_left",
					"parent": "eye_left",
					"pivot": [6, 41, -11.175],
					"rotation": [0, 0, -12.5],
					"cubes": [
						{"origin": [1.5, 39, -11.675], "size": [8, 3, 1], "inflate": 0.01, "uv": [128, 52]}
					]
				},
				{
					"name": "pupil_left",
					"parent": "eye_left",
					"pivot": [6, 40, -12.675],
					"cubes": [
						{"origin": [5, 37, -12.675], "size": [1, 5, 0], "uv": [126, 58]}
					]
				},
				{
					"name": "eye_right",
					"parent": "jaw_top",
					"pivot": [-6, 39, -12.6],
					"rotation": [0, 0, 5],
					"cubes": [
						{"origin": [-9.5, 36, -12.6], "size": [7, 6, 0], "uv": [105, 57], "mirror": true}
					]
				},
				{
					"name": "eyelid_right",
					"parent": "eye_right",
					"pivot": [-6, 41, -11.175],
					"rotation": [0, 0, 12.5],
					"cubes": [
						{"origin": [-9.5, 39, -11.675], "size": [8, 3, 1], "inflate": 0.01, "uv": [103, 52], "mirror": true}
					]
				},
				{
					"name": "pupil_right",
					"parent": "eye_right",
					"pivot": [-6, 40, -12.675],
					"cubes": [
						{"origin": [-6, 37, -12.675], "size": [1, 5, 0], "uv": [121, 58], "mirror": true}
					]
				},
				{
					"name": "teeth_top",
					"parent": "jaw_top",
					"pivot": [0, 23, 0],
					"cubes": [
						{"origin": [-6.5, 29.5, -12.25], "size": [13, 4, 1], "uv": [147, 167]},
						{"origin": [-3.5, 28.5, -12.25], "size": [7, 1, 1], "uv": [153, 173]}
					]
				},
				{
					"name": "jaw_bot",
					"parent": "jaw_top",
					"pivot": [0, 37, 6.475],
					"rotation": [17.5, 0, 0],
					"cubes": [
						{"origin": [-12.5, 34.84906, 1.53068], "size": [25, 5, 11], "inflate": -0.02, "pivot": [0, 37.34906, 7.03068], "rotation": [-17.5, 0, 0], "uv": [0, 113]},
						{"origin": [12.5, 19.49642, -18.08709], "size": [0, 7, 11], "uv": [79, 163]},
						{"origin": [-12.5, 17.65783, -0.42402], "size": [25, 18, 8], "pivot": [0, 21.65783, 1.92598], "rotation": [-17.5, 0, 0], "uv": [20, 140]},
						{"origin": [-12.5, 22.49642, -18.08709], "size": [25, 4, 0], "uv": [28, 167]},
						{"origin": [-12.5, 15.15154, -19.42588], "size": [25, 5, 25], "inflate": 0.005, "pivot": [0, 16.40154, -7.17588], "rotation": [-17.5, 0, 0], "uv": [3, 172]},
						{"origin": [12.505, 19.64642, -9.08709], "size": [0, 26, 9], "pivot": [0, 22.49642, -4.58709], "rotation": [-17.5, 0, 0], "uv": [87, 138]},
						{"origin": [-12.505, 19.64642, -9.08709], "size": [0, 26, 9], "pivot": [0, 22.49642, -4.58709], "rotation": [-17.5, 0, 0], "uv": [1, 138], "mirror": true},
						{"origin": [-12.5, 19.49642, -18.08709], "size": [0, 7, 11], "uv": [5, 163], "mirror": true}
					]
				},
				{
					"name": "teeth_bot",
					"parent": "jaw_bot",
					"pivot": [0, 22.49642, -4.58709],
					"cubes": [
						{"origin": [-12.25, 22.49642, -17.58709], "size": [1, 5, 10], "inflate": 0.002, "uv": [134, 167], "mirror": true},
						{"origin": [-11.5, 22.49642, -17.58709], "size": [23, 5, 1], "uv": [137, 189], "mirror": true},
						{"origin": [11.25, 22.49642, -17.58709], "size": [1, 5, 10], "inflate": 0.002, "uv": [166, 167]}
					]
				},
				{
					"name": "tongue",
					"parent": "jaw_bot",
					"pivot": [0, 26.54329, 1.29314],
					"rotation": [2.5, 0, 0],
					"cubes": [
						{"origin": [-9.5, 19.93184, -3.62065], "size": [19, 12, 12], "inflate": 0.01, "pivot": [0, 31.45319, -3.57791], "rotation": [-15, 0, 0], "uv": [73, 113]}
					]
				},
				{
					"name": "tongue2",
					"parent": "tongue",
					"pivot": [0, 31.90633, -3.50813],
					"cubes": [
						{"origin": [-9.5, 22.40633, -11.20813], "size": [19, 8, 12], "pivot": [0, 22.40633, -4.45813], "rotation": [27.5, 0, 0], "uv": [136, 117]}
					]
				},
				{
					"name": "hair",
					"parent": "jaw_bot",
					"pivot": [0, 23.65783, -5.07402],
					"cubes": [
						{"origin": [12.505, 18.70891, -7.49304], "size": [2, 5, 5], "pivot": [13.505, 21.20891, -4.99304], "rotation": [-50, 0, 0], "uv": [199, 90]},
						{"origin": [12.5, 21.67744, -0.25143], "size": [2, 5, 5], "pivot": [13.5, 24.17744, 2.24857], "rotation": [-17.5, 0, 0], "uv": [200, 78]},
						{"origin": [8.5, 26.16685, 5.46305], "size": [5, 5, 5], "pivot": [11, 28.66685, 7.96305], "rotation": [-10, 0, 0], "uv": [179, 78]},
						{"origin": [9, 14.42154, 2.80829], "size": [5, 5, 5], "pivot": [11.5, 16.92154, 5.30829], "rotation": [-27.5, 0, 0], "uv": [178, 90]},
						{"origin": [3.5, 19.82, 5.7166], "size": [6, 6, 5], "pivot": [6.5, 22.82, 8.2166], "rotation": [-10, 0, 0], "uv": [156, 77]},
						{"origin": [-3, 13.79699, 3.86608], "size": [6, 6, 5], "pivot": [0, 16.79699, 7.36608], "rotation": [-30, 0, 0], "uv": [134, 89], "mirror": true},
						{"origin": [1.5, 10.90738, 0.65175], "size": [5, 5, 5], "pivot": [4, 13.40738, 3.15175], "rotation": [-37.5, 0, 0], "uv": [157, 90]},
						{"origin": [-2.5, 23.3573, 6.72278], "size": [5, 5, 5], "pivot": [0, 25.8573, 10.22278], "rotation": [-5, 0, 0], "uv": [135, 77]},
						{"origin": [1.5, 9.65783, -7.92402], "size": [5, 3, 5], "pivot": [0, 21.65783, 1.92598], "rotation": [-17.5, 0, 0], "uv": [168, 101]},
						{"origin": [4.5, 17.2222, -19.3763], "size": [5, 5, 5], "pivot": [7, 19.7222, -16.8763], "rotation": [-27.5, 0, 0], "uv": [147, 101]},
						{"origin": [-14.505, 18.70891, -7.49304], "size": [2, 5, 5], "pivot": [-13.505, 21.20891, -4.99304], "rotation": [-50, 0, 0], "uv": [76, 90], "mirror": true},
						{"origin": [-14.5, 21.67744, -0.25143], "size": [2, 5, 5], "pivot": [-13.5, 24.17744, 2.24857], "rotation": [-17.5, 0, 0], "uv": [76, 78], "mirror": true},
						{"origin": [-13.5, 26.16685, 5.46305], "size": [5, 5, 5], "pivot": [-11, 28.66685, 7.96305], "rotation": [-10, 0, 0], "uv": [91, 78], "mirror": true},
						{"origin": [-14, 14.42154, 2.80829], "size": [5, 5, 5], "pivot": [-11.5, 16.92154, 5.30829], "rotation": [-27.5, 0, 0], "uv": [91, 90], "mirror": true},
						{"origin": [-9.5, 19.82, 5.7166], "size": [6, 6, 5], "pivot": [-6.5, 22.82, 8.2166], "rotation": [-10, 0, 0], "uv": [112, 77], "mirror": true},
						{"origin": [-6.5, 10.90738, 0.65175], "size": [5, 5, 5], "pivot": [-4, 13.40738, 3.15175], "rotation": [-37.5, 0, 0], "uv": [112, 90], "mirror": true},
						{"origin": [-6.5, 9.65783, -7.92402], "size": [5, 3, 5], "pivot": [0, 21.65783, 1.92598], "rotation": [-17.5, 0, 0], "uv": [101, 101], "mirror": true},
						{"origin": [-9.5, 17.2222, -19.3763], "size": [5, 5, 5], "pivot": [-7, 19.7222, -16.8763], "rotation": [-27.5, 0, 0], "uv": [122, 101], "mirror": true}
					]
				},
				{
					"name": "spike_bot_left",
					"parent": "jaw_bot",
					"pivot": [10, 16.0054, -6.7366],
					"rotation": [-12.02501, -12.80911, -46.1453],
					"cubes": [
						{"origin": [10.50662, 7.4091, -11.55713], "size": [1, 2, 9], "uv": [120, 189]},
						{"origin": [10.00662, 9.4091, -14.55713], "size": [2, 5, 15], "uv": [113, 168]},
						{"origin": [8.50662, 12.4091, -16.55713], "size": [5, 9, 19], "uv": [106, 138]}
					]
				},
				{
					"name": "spike_bot_right",
					"parent": "jaw_bot",
					"pivot": [-10, 16.0054, -6.7366],
					"rotation": [-12.02501, 12.80911, 46.1453],
					"cubes": [
						{"origin": [-11.50662, 7.4091, -11.55713], "size": [1, 2, 9], "uv": [182, 189], "mirror": true},
						{"origin": [-12.00662, 9.4091, -14.55713], "size": [2, 5, 15], "uv": [175, 168], "mirror": true},
						{"origin": [-13.50662, 12.4091, -16.55713], "size": [5, 9, 19], "uv": [168, 138], "mirror": true}
					]
				}
			]
		}
	]
}