{
	"format_version": "1.8.0",
	"animations": {
		"animation.megasteelix.ground_idle": {
			"loop": true,
			"bones": {
				"head": {
					"rotation": ["15+4*math.cos(q.anim_time*90*0.5-60)", 0, 0]
				},
				"segment": {
					"rotation": ["-20-5*math.cos(q.anim_time*90*0.5)", 0, 0]
				},
				"segment2": {
					"rotation": ["-70+3*math.cos(q.anim_time*90*0.5+60)", 0, 0]
				},
				"segment3": {
					"rotation": ["-50+6*math.cos(q.anim_time*90*0.5)", 0, 0]
				},
				"segment4": {
					"rotation": ["45+2*math.cos(q.anim_time*90*0.5)", 0, 0]
				},
				"segment5": {
					"rotation": ["90-3*math.cos(q.anim_time*90*0.5)", 0, 0],
					"position": [0, "-1*math.cos(q.anim_time*90*0.5+60)", 0]
				},
				"segment6": {
					"rotation": [0, 0, 0]
				},
				"segment7": {
					"rotation": [10, "3*math.cos(q.anim_time*90*1)", 0]
				},
				"segment8": {
					"rotation": [27.5, "3*math.cos(q.anim_time*90*1-60)", 0]
				},
				"boulder2": {
					"rotation": [90, 0, "40*math.cos(q.anim_time*90*0.3-60)"]
				},
				"boulder4": {
					"rotation": [90, 0, "20*math.cos(q.anim_time*90*0.7-30)"]
				},
				"boulder3": {
					"rotation": [0, 0, "90*math.cos(q.anim_time*90*0.3+60)"]
				},
				"body": {
					"position": [0, "39.5+1*math.cos(q.anim_time*90*0.5)", "19.5+1*math.sin(q.anim_time*90*0.5)"]
				},
				"jaw": {
					"rotation": ["3+3*math.cos(q.anim_time*90*1-90)", 0, 0]
				},
				"boulder6": {
					"rotation": [0, 0, "5*math.cos(q.anim_time*90*1+40)"]
				},
				"boulder8": {
					"rotation": [0, 0, "q.anim_time*90*1"]
				},
				"boulder1": {
					"rotation": [0, 0, "-25*math.cos(q.anim_time*90*0.3+190)"]
				},
				"boulder5": {
					"rotation": [0, 0, "-15*math.cos(q.anim_time*90*0.3+190)"],
					"position": [0, 0, 0]
				},
				"bone3": {
					"rotation": [0, 0, 0]
				},
				"bone9": {
					"rotation": [0, "3*math.cos(q.anim_time*90*1-60)", "math.mod(+q.anim_time*90*1,360)"],
					"position": [0, 0, 0]
				}
			}
		},
		"animation.megasteelix.ground_walk": {
			"loop": true,
			"bones": {
				"head": {
					"rotation": [
						"15+4*math.cos(q.anim_time*90*0.5-60)+0.2*math.cos(q.anim_time*90*15-20)",
						"2*math.cos(q.anim_time*90*1-60)",
						"2*math.cos(q.anim_time*90*1+90)+0.2*math.sin(q.anim_time*90*15-20)"
					]
				},
				"segment": {
					"rotation": ["-20-5*math.cos(q.anim_time*90*0.5)", 0, "-5*math.cos(q.anim_time*90*1-60)"]
				},
				"segment2": {
					"rotation": ["-70+3*math.cos(q.anim_time*90*0.5+60)", 0, "-5*math.cos(q.anim_time*90*1+60)"]
				},
				"segment3": {
					"rotation": ["-50+6*math.cos(q.anim_time*90*0.5)", 0, 0]
				},
				"segment4": {
					"rotation": ["45+2*math.cos(q.anim_time*90*0.5)", 0, 0]
				},
				"segment5": {
					"rotation": ["90-3*math.cos(q.anim_time*90*0.5)", 0, 0]
				},
				"segment6": {
					"rotation": [0, 0, 0]
				},
				"segment7": {
					"rotation": [10, "15*math.cos(q.anim_time*90*1-150)", 0]
				},
				"segment8": {
					"rotation": [27.5, "3*math.cos(q.anim_time*90*1-60)", 0]
				},
				"boulder2": {
					"rotation": [90, "0.2*math.cos(q.anim_time*90*15-20)", "20*math.cos(q.anim_time*90*1-90)+20*math.cos(q.anim_time*90*0.5-90)"]
				},
				"boulder4": {
					"rotation": ["90+q.anim_time*90*0.5", "0.3*math.sin(q.anim_time*90*15-20)", "20*math.cos(q.anim_time*90*1-30)"]
				},
				"boulder3": {
					"rotation": [0, 0, "90*math.cos(q.anim_time*90*0.3+60)"]
				},
				"body": {
					"position": [
						"2*math.cos(q.anim_time*90*1)",
						"39.5+1*math.cos(q.anim_time*90*0.5)+0.1*math.cos(q.anim_time*90*15)",
						"19.5+1*math.sin(q.anim_time*90*0.5)"
					]
				},
				"jaw": {
					"rotation": ["15+0.5*math.cos(q.anim_time*90*15-90)+10*math.cos(q.anim_time*90*0.5-90)", 0, 0]
				},
				"boulder6": {
					"rotation": ["30+q.anim_time*90*2-1*math.cos(q.anim_time*90*0.5+190)", 0, "0+5*math.cos(q.anim_time*90*1+40)"],
					"position": [0, "0.7+0.7*math.cos(q.anim_time*90*8+120)", 0]
				},
				"boulder8": {
					"rotation": ["1*math.sin(q.anim_time*90*15-90)", "-1*math.cos(q.anim_time*90*15-90)", "q.anim_time*90*3+10*math.sin(q.anim_time*90*1-90)"]
				},
				"boulder1": {
					"rotation": [0, 0, "-25*math.cos(q.anim_time*90*0.3+190)"]
				},
				"boulder5": {
					"rotation": ["q.anim_time*90*2-1*math.cos(q.anim_time*90*0.3+190)", 0, "-15*math.cos(q.anim_time*90*1+140)"],
					"position": [0, "0.5*math.cos(q.anim_time*90*8-120)", 0]
				},
				"boulder7": {
					"rotation": ["-32.5+q.anim_time*90*2-1*math.cos(q.anim_time*90*0.4+120)", 0, 0],
					"position": [0, "0.5*math.cos(q.anim_time*90*8+150)", 0]
				},
				"bone9": {
					"rotation": [0, "3*math.cos(q.anim_time*90*1-60)", "math.mod(+q.anim_time*90*1,360)"]
				}
			}
		},
		"animation.megasteelix.battle_idle": {
			"loop": true,
			"bones": {
				"head": {
					"rotation": ["15+2*math.cos(q.anim_time*90*1-60)", 0, "0.2*math.cos(q.anim_time*90*9-60)"]
				},
				"segment": {
					"rotation": ["-27.5-5*math.cos(q.anim_time*90*0.5)", 10, 0]
				},
				"segment2": {
					"rotation": ["-55+4*math.cos(q.anim_time*90*0.5)", 0, 0]
				},
				"segment3": {
					"rotation": ["-57.5061+2*math.cos(q.anim_time*90*0.5)", -2.48392, 0.28319]
				},
				"segment4": {
					"rotation": ["37.5-6*math.cos(q.anim_time*90*0.5)", 0, 0]
				},
				"segment5": {
					"rotation": ["20+10*math.cos(q.anim_time*90*0.5)", 0, 0]
				},
				"segment6": {
					"rotation": [72.24942, -2.18895, -9.75008]
				},
				"segment7": {
					"rotation": ["20-10*math.cos(q.anim_time*90*0.5)", "3*math.cos(q.anim_time*90*1)", 0]
				},
				"segment8": {
					"rotation": [27.5, "3*math.cos(q.anim_time*90*1-60)", 0]
				},
				"boulder2": {
					"rotation": [90, 0, "q.anim_time*90*1.1+50*math.cos(q.anim_time*90*0.5+60)"]
				},
				"boulder4": {
					"rotation": [90, 0, "-q.anim_time*90*0.8-50*math.cos(q.anim_time*90*0.5+180)"]
				},
				"boulder3": {
					"rotation": [0, 0, "150*math.cos(q.anim_time*90*0.5+60)"]
				},
				"body": {
					"position": [0, "52.25+1*math.cos(q.anim_time*90*0.5)", "23+1*math.sin(q.anim_time*90*0.5)"]
				},
				"jaw": {
					"rotation": ["15+0.2*math.cos(q.anim_time*90*20-90)+15*math.cos(q.anim_time*90*0.5-90)", 0, 0]
				},
				"boulder6": {
					"rotation": ["-5*math.cos(q.anim_time*90*0.5+250)", 0, 0]
				},
				"boulder8": {
					"rotation": [0, 0, "q.anim_time*90*2+20*math.cos(q.anim_time*90*1-90)"]
				},
				"boulder1": {
					"rotation": [0, 0, "-55*math.cos(q.anim_time*90*0.4+190)"]
				},
				"boulder5": {
					"rotation": [0, 0, "-95*math.cos(q.anim_time*90*0.3+190)"]
				},
				"boulder7": {
					"rotation": ["-15*math.cos(q.anim_time*90*0.5+200)", 0, 0]
				},
				"bone9": {
					"rotation": [0, "3*math.cos(q.anim_time*90*1-60)", "math.mod(+q.anim_time*90*1,360)"]
				}
			}
		},
		"animation.megasteelix.blink": {
			"animation_length": 0.16667,
			"bones": {
				"eyelid_left": {
					"position": {
						"0.0": [0.1, 0, -0.1],
						"0.125": [0.1, 0, -0.1],
						"0.1667": [0, 0, 0]
					}
				},
				"eyelid_right": {
					"position": {
						"0.0": [-0.1, 0, -0.1],
						"0.125": [-0.1, 0, -0.1],
						"0.1667": [0, 0, 0]
					}
				}
			}
		},
		"animation.megasteelix.cry": {
			"animation_length": 2.5,
			"bones": {
				"head": {
					"rotation": {
						"0.0": {
							"post": [0, 0, 0],
							"lerp_mode": "catmullrom"
						},
						"0.0833": {
							"post": [2.77173, 0.01754, 0.03832],
							"lerp_mode": "catmullrom"
						},
						"0.25": {
							"post": [-7.89741, 0, -0.18013],
							"lerp_mode": "catmullrom"
						},
						"0.2917": {
							"post": [-10.91351, -0.47361, -2.65584],
							"lerp_mode": "catmullrom"
						},
						"0.3333": {
							"post": [-9.84586, 0, -0.22051],
							"lerp_mode": "catmullrom"
						},
						"0.375": {
							"post": [-11.83745, 0, -0.23943],
							"lerp_mode": "catmullrom"
						},
						"0.4167": {
							"post": [-14.80793, 0.63933, 2.14297],
							"lerp_mode": "catmullrom"
						},
						"0.4583": {
							"post": [-14.83819, 0, -0.29209],
							"lerp_mode": "catmullrom"
						},
						"0.5": {
							"post": [-17.17368, 0, -0.31044],
							"lerp_mode": "catmullrom"
						},
						"0.5417": {
							"post": [-16.50706, 0, -0.32652],
							"lerp_mode": "catmullrom"
						},
						"0.5833": {
							"post": [-17.60159, -0.75643, -2.71124],
							"lerp_mode": "catmullrom"
						},
						"0.6667": {
							"post": [-17.00469, 0, -0.33341],
							"lerp_mode": "catmullrom"
						},
						"0.75": {
							"post": [-18.55156, 0, -0.34002],
							"lerp_mode": "catmullrom"
						},
						"0.875": {
							"post": [-17.50706, 0, -0.32652],
							"lerp_mode": "catmullrom"
						},
						"1.2917": {
							"post": [-17.50706, 0, -0.32652],
							"lerp_mode": "catmullrom"
						},
						"1.7083": {
							"post": [0, 0, 0],
							"lerp_mode": "catmullrom"
						},
						"2.4167": {
							"post": [0, 0, 0],
							"lerp_mode": "catmullrom"
						}
					}
				},
				"jaw": {
					"rotation": {
						"0.0": {
							"post": [0, 0, 0],
							"lerp_mode": "catmullrom"
						},
						"0.125": {
							"post": [37.5, 0, 0],
							"lerp_mode": "catmullrom"
						},
						"0.4167": {
							"post": [42.49, 0, 0],
							"lerp_mode": "catmullrom"
						},
						"0.4583": {
							"post": [38, 0, 0],
							"lerp_mode": "catmullrom"
						},
						"0.5417": {
							"post": [42.55, 0, 0],
							"lerp_mode": "catmullrom"
						},
						"0.5833": {
							"post": [37.72, 0, 0],
							"lerp_mode": "catmullrom"
						},
						"0.6667": {
							"post": [37.5, 0, 0],
							"lerp_mode": "catmullrom"
						},
						"1.0417": {
							"post": [10, 0, 0],
							"lerp_mode": "catmullrom"
						},
						"1.375": {
							"post": [7.72, 0, 0],
							"lerp_mode": "catmullrom"
						},
						"1.4167": {
							"post": [10.26, 0, 0],
							"lerp_mode": "catmullrom"
						},
						"1.4583": {
							"post": [8.74, 0, 0],
							"lerp_mode": "catmullrom"
						},
						"1.5": {
							"post": [7.9, 0, 0],
							"lerp_mode": "catmullrom"
						},
						"1.5417": {
							"post": [10, 0, 0],
							"lerp_mode": "catmullrom"
						},
						"1.5833": {
							"post": [7.13, 0, 0],
							"lerp_mode": "catmullrom"
						},
						"2.125": {
							"post": [0, 0, 0],
							"lerp_mode": "catmullrom"
						},
						"2.4583": {
							"post": [0, 0, 0],
							"lerp_mode": "catmullrom"
						}
					}
				},
				"boulder1": {
					"rotation": {
						"0.0": [0, 0, 0],
						"0.5": [0, 0, "6*math.cos(q.anim_time*90*30-150)"],
						"1.1667": [0, 0, 0]
					}
				},
				"boulder2": {
					"rotation": {
						"0.0": [0, 0, 0],
						"0.3333": [0, 0, "3*math.cos(q.anim_time*90*50-60)"],
						"1.7083": [0, 0, 0]
					}
				},
				"boulder3": {
					"rotation": {
						"0.0": [0, 0, 0],
						"0.3333": [0, 0, "2*math.cos(q.anim_time*90*50-150)"],
						"0.9167": [0, 0, 0]
					}
				},
				"boulder4": {
					"rotation": {
						"0.0": [0, 0, 0],
						"0.3333": [0, 0, "-2*math.cos(q.anim_time*90*30-60)"],
						"1.7083": [0, 0, 0]
					}
				}
			},
			"sound_effects": {
				"0.0": {
					"effect": "pokemon.megasteelix.cry"
				}
			}
		},
		"animation.megasteelix.demon": {
			"loop": true,
			"bones": {
				"body": {
					"position": [0, -4.25, -9.5]
				},
				"head": {
					"position": [0, 30, 57],
					"scale": [0.6, 1.4, 0.7]
				},
				"eyes": {
					"position": [0, 18.3, -5.8],
					"scale": [2.7, 2.3, 1]
				},
				"eye_right": {
					"position": [0, -5, 3],
					"scale": [1, 0.6, 1]
				},
				"eye_left": {
					"position": [0, -5, 3],
					"scale": [1, 0.6, 1]
				},
				"jaw": {
					"rotation": [2.5, 0, 0],
					"scale": [2.7, 1, 3.1]
				},
				"boulder1": {
					"rotation": [94.62111, 1.91134, -22.42287],
					"position": [-27.75, 71.25, 37],
					"scale": [1, 0.5, 0.3]
				},
				"boulder2": {
					"position": [0, 38, 25],
					"scale": [1.9, 1, 1]
				},
				"boulder3": {
					"position": [0, 59, 12.45],
					"scale": [4.1, 2.1, 1.8]
				},
				"boulder4": {
					"position": [0, 51, -3.6],
					"scale": [2.9, 1, 1]
				},
				"boulder5": {
					"position": [0, 17, -24.5],
					"scale": [4.1, 0.9, 3.4]
				},
				"boulder6": {
					"position": [0, 24, -60],
					"scale": [1.8, 1, 1]
				},
				"boulder7": {
					"position": [0, 5, -45],
					"scale": [3, 1.9, 2.4]
				},
				"boulder8": {
					"rotation": [115, 0, 0],
					"position": [0, 22.25, -70],
					"scale": [1, 1, 1.4]
				}
			}
		},
		"animation.megasteelix.quirk_jawjitter": {
			"animation_length": 1,
			"bones": {
				"jaw": {
					"rotation": {
						"0.0": [0, 0, 0],
						"0.2917": ["2+2*math.sin(q.anim_time*90*40)", 0, 0],
						"1.0": [0, 0, 0]
					}
				}
			}
		},
		"animation.megasteelix.sleep": {
			"loop": true,
			"bones": {
				"body": {
					"rotation": [0, -30, 0],
					"position": [-2.75, "-0.2*math.cos(q.anim_time*90*0.5+190)", 14]
				},
				"head": {
					"rotation": ["12.5511+1*math.cos(q.anim_time*90*0.5+100)", 56.15781, 7.17947]
				},
				"eyelid_right": {
					"position": [-0.1, 0, -0.1]
				},
				"eyelid_left": {
					"position": [0.1, 0, -0.1]
				},
				"segment": {
					"rotation": [19.27896, 38.3808, 12.25294]
				},
				"segment2": {
					"rotation": ["-24.6019-1*math.cos(q.anim_time*90*0.5+100)", -22.91432, 21.31928]
				},
				"segment3": {
					"rotation": [-19.2563, -28.47493, -17.90806]
				},
				"segment4": {
					"rotation": [13.11068, -43.54395, -12.84859]
				},
				"segment5": {
					"rotation": [-31.27023, -51.05091, 14.96]
				},
				"segment6": {
					"rotation": [17.50933, -15.33274, -26.91615]
				},
				"segment7": {
					"rotation": [1.12543, -34.66314, -2.07743]
				},
				"segment8": {
					"rotation": [-0.51361, -9.49456, 2.85918]
				},
				"boulder8": {
					"rotation": [0, 0, "2.3349-50*math.cos(q.anim_time*90*0.5+80)"]
				},
				"jaw": {
					"rotation": ["0.1*math.cos(q.anim_time*90*5+100)", 0, 0]
				},
				"boulder1": {
					"rotation": [0, 0, "-7*math.cos(q.anim_time*90*1-25)"]
				},
				"boulder2": {
					"rotation": [0, 0, "-11.5-2*math.cos(q.anim_time*90*1+10)"]
				},
				"boulder3": {
					"rotation": [0, 0, "-7*math.cos(q.anim_time*90*1+25)"]
				},
				"boulder4": {
					"rotation": [0, 0, "-2*math.cos(q.anim_time*90*1+40)"]
				},
				"boulder5": {
					"rotation": [0, 0, "-9*math.cos(q.anim_time*90*1+80)"]
				},
				"boulder6": {
					"rotation": [0, 0, "-2*math.cos(q.anim_time*90*1+120)"]
				},
				"boulder7": {
					"rotation": [0, 0, "-9*math.cos(q.anim_time*90*1+160)"]
				}
			}
		},
		"animation.megasteelix.faint_WIP": {
			"loop": true,
			"bones": {
				"head": {
					"rotation": [17, 0, 0]
				},
				"segment": {
					"rotation": [-25, 0, 0]
				},
				"segment2": {
					"rotation": [-68.5, 0, 0]
				},
				"segment3": {
					"rotation": [-44, 0, 0]
				},
				"segment4": {
					"rotation": [47, 0, 0]
				},
				"segment5": {
					"rotation": [87, 0, 0],
					"position": [0, -0.5, 0]
				},
				"segment6": {
					"rotation": [0, 0, 0]
				},
				"segment7": {
					"rotation": [10, 3, 0]
				},
				"segment8": {
					"rotation": [27.5, 1.5, 0]
				},
				"boulder2": {
					"rotation": [90, 0, 20]
				},
				"boulder4": {
					"rotation": [90, 0, 17.32051]
				},
				"boulder3": {
					"rotation": [0, 0, 45]
				},
				"body": {
					"position": [0, 40.5, 19.5]
				},
				"jaw": {
					"rotation": [3, 0, 0]
				},
				"boulder6": {
					"rotation": [0, 0, 3.83022]
				},
				"boulder8": {
					"rotation": [0, 0, 0]
				},
				"boulder1": {
					"rotation": [0, 0, 24.62019]
				},
				"boulder5": {
					"rotation": [0, 0, 14.77212],
					"position": [0, 0, 0]
				}
			}
		}
	}
}