{
  "format_version": "1.8.0",
  "animations": {
    "animation.groudonprimal.cry": {
      "animation_length": 3,
      "bones": {
        "middle": {
          "position": {
            "0.0": {
              "post": [0, 0, 0],
              "lerp_mode": "catmullrom"
            },
            "1.0": {
              "post": [0, 0, 0],
              "lerp_mode": "catmullrom"
            },
            "1.0417": {
              "post": [0, 1, 0],
              "lerp_mode": "catmullrom"
            },
            "1.0833": {
              "post": [0, 0, 0],
              "lerp_mode": "catmullrom"
            },
            "1.125": {
              "post": [0, 1, 0],
              "lerp_mode": "catmullrom"
            },
            "1.1667": {
              "post": [0, 0, 0],
              "lerp_mode": "catmullrom"
            },
            "1.2083": {
              "post": [0, 1, 0],
              "lerp_mode": "catmullrom"
            },
            "1.25": {
              "post": [0, 0, 0],
              "lerp_mode": "catmullrom"
            },
            "1.2917": {
              "post": [0, 1, 0],
              "lerp_mode": "catmullrom"
            },
            "1.3333": {
              "post": [0, 0, 0],
              "lerp_mode": "catmullrom"
            },
            "1.375": {
              "post": [0, 1, 0],
              "lerp_mode": "catmullrom"
            },
            "1.4167": {
              "post": [0, 0, 0],
              "lerp_mode": "catmullrom"
            },
            "1.4583": {
              "post": [0, 1, 0],
              "lerp_mode": "catmullrom"
            },
            "1.5": {
              "post": [0, 0, 0],
              "lerp_mode": "catmullrom"
            },
            "1.5417": {
              "post": [0, 1, 0],
              "lerp_mode": "catmullrom"
            },
            "1.5833": {
              "post": [0, 0, 0],
              "lerp_mode": "catmullrom"
            },
            "1.625": {
              "post": [0, 1, 0],
              "lerp_mode": "catmullrom"
            },
            "1.6667": {
              "post": [0, 0, 0],
              "lerp_mode": "catmullrom"
            },
            "1.7083": {
              "post": [0, 1, 0],
              "lerp_mode": "catmullrom"
            },
            "1.75": {
              "post": [0, 0, 0],
              "lerp_mode": "catmullrom"
            },
            "1.7917": {
              "post": [0, 1, 0],
              "lerp_mode": "catmullrom"
            },
            "1.8333": {
              "post": [0, 0, 0],
              "lerp_mode": "catmullrom"
            },
            "1.875": {
              "post": [0, 1, 0],
              "lerp_mode": "catmullrom"
            },
            "1.9167": {
              "post": [0, 0, 0],
              "lerp_mode": "catmullrom"
            },
            "1.9583": {
              "post": [0, 1, 0],
              "lerp_mode": "catmullrom"
            },
            "2.0": {
              "post": [0, 0, 0],
              "lerp_mode": "catmullrom"
            },
            "2.0417": {
              "post": [0, 1, 0],
              "lerp_mode": "catmullrom"
            },
            "2.0833": {
              "post": [0, 0, 0],
              "lerp_mode": "catmullrom"
            },
            "2.125": {
              "post": [0, 1, 0],
              "lerp_mode": "catmullrom"
            },
            "2.25": {
              "post": [0, 0, 0],
              "lerp_mode": "catmullrom"
            },
            "3.0": {
              "post": [0, 0, 0],
              "lerp_mode": "catmullrom"
            }
          }
        },
        "tail": {
          "rotation": {
            "0.0": {
              "post": [0, 0, 0],
              "lerp_mode": "catmullrom"
            },
            "1.0": {
              "post": [12.58957, 4.43385, 2.31336],
              "lerp_mode": "catmullrom"
            },
            "2.25": {
              "post": [12.70212, -6.64851, -3.47875],
              "lerp_mode": "catmullrom"
            },
            "3.0": {
              "post": [0, 0, 0],
              "lerp_mode": "catmullrom"
            }
          }
        },
        "tailseg1": {
          "rotation": {
            "0.0": {
              "post": [0, 0, 0],
              "lerp_mode": "catmullrom"
            },
            "1.0": {
              "post": [7.7614, 14.8687, 2.00307],
              "lerp_mode": "catmullrom"
            },
            "2.25": {
              "post": [7.5, 0, 0],
              "lerp_mode": "catmullrom"
            },
            "3.0": {
              "post": [0, 0, 0],
              "lerp_mode": "catmullrom"
            }
          }
        },
        "tailseg2": {
          "rotation": {
            "0.0": {
              "post": [0, 0, 0],
              "lerp_mode": "catmullrom"
            },
            "1.125": {
              "post": [15, 0, 0],
              "lerp_mode": "catmullrom"
            },
            "2.375": {
              "post": [2.5, 0, 0],
              "lerp_mode": "catmullrom"
            },
            "3.0": {
              "post": [0, 0, 0],
              "lerp_mode": "catmullrom"
            }
          }
        },
        "shovel": {
          "rotation": {
            "0.0": {
              "post": [0, 0, 0],
              "lerp_mode": "catmullrom"
            },
            "1.25": {
              "post": [12.5, 0, 0],
              "lerp_mode": "catmullrom"
            },
            "2.5": {
              "post": [2.5, 0, 0],
              "lerp_mode": "catmullrom"
            },
            "3.0": {
              "post": [0, 0, 0],
              "lerp_mode": "catmullrom"
            }
          }
        },
        "tophalf": {
          "rotation": {
            "0.0": {
              "post": [0, 0, 0],
              "lerp_mode": "catmullrom"
            },
            "1.0": {
              "post": [5.07673, 9.96156, 0.88045],
              "lerp_mode": "catmullrom"
            },
            "2.0": {
              "post": [2.5, 0, 0],
              "lerp_mode": "catmullrom"
            },
            "3.0": {
              "post": [0, 0, 0],
              "lerp_mode": "catmullrom"
            }
          }
        },
        "lowernecc": {
          "rotation": {
            "0.0": {
              "post": [0, 0, 0],
              "lerp_mode": "catmullrom"
            },
            "1.0": {
              "post": [-10.34527, 14.76689, -2.66399],
              "lerp_mode": "catmullrom"
            },
            "2.0": {
              "post": [1.68997, -17.90524, 13.51473],
              "lerp_mode": "catmullrom"
            },
            "3.0": {
              "post": [0, 0, 0],
              "lerp_mode": "catmullrom"
            }
          }
        },
        "midnecc": {
          "rotation": {
            "0.0": {
              "post": [0, 0, 0],
              "lerp_mode": "catmullrom"
            },
            "1.0": {
              "post": [-7.5, 0, 0],
              "lerp_mode": "catmullrom"
            },
            "2.0": {
              "post": [-18.12598, -10.51794, 6.79286],
              "lerp_mode": "catmullrom"
            },
            "3.0": {
              "post": [0, 0, 0],
              "lerp_mode": "catmullrom"
            }
          }
        },
        "neck": {
          "rotation": {
            "0.0": {
              "post": [0, 0, 0],
              "lerp_mode": "catmullrom"
            },
            "1.0": {
              "post": [-17.5, 0, 0],
              "lerp_mode": "catmullrom"
            },
            "3.0": {
              "post": [0, 0, 0],
              "lerp_mode": "catmullrom"
            }
          }
        },
        "JAWBOT": {
          "rotation": {
            "0.0": {
              "post": [0, 0, 0],
              "lerp_mode": "catmullrom"
            },
            "1.0": {
              "post": [47.5, 0, 0],
              "lerp_mode": "catmullrom"
            },
            "1.0417": {
              "post": [41.51, 0, 0],
              "lerp_mode": "catmullrom"
            },
            "1.0833": {
              "post": [47.5, 0, 0],
              "lerp_mode": "catmullrom"
            },
            "1.125": {
              "post": [41.51, 0, 0],
              "lerp_mode": "catmullrom"
            },
            "1.1667": {
              "post": [47.5, 0, 0],
              "lerp_mode": "catmullrom"
            },
            "1.2083": {
              "post": [41.51, 0, 0],
              "lerp_mode": "catmullrom"
            },
            "1.25": {
              "post": [47.5, 0, 0],
              "lerp_mode": "catmullrom"
            },
            "1.2917": {
              "post": [41.51, 0, 0],
              "lerp_mode": "catmullrom"
            },
            "1.3333": {
              "post": [47.5, 0, 0],
              "lerp_mode": "catmullrom"
            },
            "1.375": {
              "post": [41.51, 0, 0],
              "lerp_mode": "catmullrom"
            },
            "1.4167": {
              "post": [47.5, 0, 0],
              "lerp_mode": "catmullrom"
            },
            "1.4583": {
              "post": [41.51, 0, 0],
              "lerp_mode": "catmullrom"
            },
            "1.5": {
              "post": [47.5, 0, 0],
              "lerp_mode": "catmullrom"
            },
            "1.5417": {
              "post": [41.51, 0, 0],
              "lerp_mode": "catmullrom"
            },
            "1.5833": {
              "post": [47.5, 0, 0],
              "lerp_mode": "catmullrom"
            },
            "1.625": {
              "post": [41.51, 0, 0],
              "lerp_mode": "catmullrom"
            },
            "1.6667": {
              "post": [47.5, 0, 0],
              "lerp_mode": "catmullrom"
            },
            "1.7083": {
              "post": [41.51, 0, 0],
              "lerp_mode": "catmullrom"
            },
            "1.75": {
              "post": [47.5, 0, 0],
              "lerp_mode": "catmullrom"
            },
            "1.7917": {
              "post": [41.51, 0, 0],
              "lerp_mode": "catmullrom"
            },
            "1.8333": {
              "post": [47.5, 0, 0],
              "lerp_mode": "catmullrom"
            },
            "1.875": {
              "post": [41.51, 0, 0],
              "lerp_mode": "catmullrom"
            },
            "1.9167": {
              "post": [47.5, 0, 0],
              "lerp_mode": "catmullrom"
            },
            "1.9583": {
              "post": [41.51, 0, 0],
              "lerp_mode": "catmullrom"
            },
            "2.0": {
              "post": [47.5, 0, 0],
              "lerp_mode": "catmullrom"
            },
            "2.0417": {
              "post": [41.51, 0, 0],
              "lerp_mode": "catmullrom"
            },
            "2.0833": {
              "post": [47.5, 0, 0],
              "lerp_mode": "catmullrom"
            },
            "2.125": {
              "post": [41.51, 0, 0],
              "lerp_mode": "catmullrom"
            },
            "2.1667": {
              "post": [47.5, 0, 0],
              "lerp_mode": "catmullrom"
            },
            "2.2083": {
              "post": [41.51, 0, 0],
              "lerp_mode": "catmullrom"
            },
            "3.0": {
              "post": [0, 0, 0],
              "lerp_mode": "catmullrom"
            }
          }
        },
        "lshoulder": {
          "rotation": {
            "0.0": {
              "post": [0, 0, 0],
              "lerp_mode": "catmullrom"
            },
            "1.0": {
              "post": [-65.82504, -16.91131, -2.53354],
              "lerp_mode": "catmullrom"
            },
            "2.0": {
              "post": [-65.82504, -16.91131, -2.53354],
              "lerp_mode": "catmullrom"
            },
            "3.0": {
              "post": [0, 0, 0],
              "lerp_mode": "catmullrom"
            }
          },
          "position": {
            "0.0": {
              "post": [0, 0, 0],
              "lerp_mode": "catmullrom"
            },
            "1.0": {
              "post": [0, 0, -1],
              "lerp_mode": "catmullrom"
            },
            "2.0": {
              "post": [0, 0, 4],
              "lerp_mode": "catmullrom"
            },
            "3.0": {
              "post": [0, 0, 0],
              "lerp_mode": "catmullrom"
            }
          }
        },
        "lforearm": {
          "rotation": {
            "0.0": {
              "post": [0, 0, 0],
              "lerp_mode": "catmullrom"
            },
            "1.0": {
              "post": [0, -12.5, 0],
              "lerp_mode": "catmullrom"
            },
            "3.0": {
              "post": [0, 0, 0],
              "lerp_mode": "catmullrom"
            }
          }
        },
        "rshoulder": {
          "rotation": {
            "0.0": {
              "post": [0, 0, 0],
              "lerp_mode": "catmullrom"
            },
            "1.0": {
              "post": [-56.81483, 35.61426, 11.70217],
              "lerp_mode": "catmullrom"
            },
            "2.0": {
              "post": [-56.81483, 35.61426, 11.70217],
              "lerp_mode": "catmullrom"
            },
            "3.0": {
              "post": [0, 0, 0],
              "lerp_mode": "catmullrom"
            }
          },
          "position": {
            "0.0": {
              "post": [0, 0, 0],
              "lerp_mode": "catmullrom"
            },
            "1.0": {
              "post": [-1, 0, 7],
              "lerp_mode": "catmullrom"
            },
            "2.0": {
              "post": [-1, 0, 7],
              "lerp_mode": "catmullrom"
            },
            "3.0": {
              "post": [0, 0, 0],
              "lerp_mode": "catmullrom"
            }
          }
        },
        "rforearm": {
          "rotation": {
            "0.0": {
              "post": [0, 0, 0],
              "lerp_mode": "catmullrom"
            },
            "1.0": {
              "post": [0, 10, 0],
              "lerp_mode": "catmullrom"
            },
            "3.0": {
              "post": [0, 0, 0],
              "lerp_mode": "catmullrom"
            }
          }
        }
      }
    },
    "animation.groudonprimal.physical_attack": {
      "animation_length": 2.75,
      "bones": {
        "middle": {
          "position": {
            "0.0": {
              "post": [0, 0, 0],
              "lerp_mode": "catmullrom"
            },
            "1.0": {
              "post": [0, 8.94, 0],
              "lerp_mode": "catmullrom"
            },
            "1.25": {
              "post": [0, 0, 0],
              "lerp_mode": "catmullrom"
            },
            "1.2917": {
              "post": [0, 1, 0],
              "lerp_mode": "catmullrom"
            },
            "1.3333": {
              "post": [0, 0, 0],
              "lerp_mode": "catmullrom"
            },
            "1.375": {
              "post": [0, 1, 0],
              "lerp_mode": "catmullrom"
            },
            "1.4167": {
              "post": [0, 0, 0],
              "lerp_mode": "catmullrom"
            },
            "1.4583": {
              "post": [0, 1, 0],
              "lerp_mode": "catmullrom"
            },
            "1.5": {
              "post": [0, 0, 0],
              "lerp_mode": "catmullrom"
            },
            "1.5417": {
              "post": [0, 1, 0],
              "lerp_mode": "catmullrom"
            },
            "2.75": {
              "post": [0, 0, 0],
              "lerp_mode": "catmullrom"
            }
          }
        },
        "tail": {
          "rotation": {
            "0.0": {
              "post": [0, 0, 0],
              "lerp_mode": "catmullrom"
            },
            "1.0": {
              "post": [5, 0, 0],
              "lerp_mode": "catmullrom"
            },
            "1.25": {
              "post": [-5, 0, 0],
              "lerp_mode": "catmullrom"
            },
            "2.75": {
              "post": [0, 0, 0],
              "lerp_mode": "catmullrom"
            }
          }
        },
        "tailseg1": {
          "rotation": {
            "0.0": {
              "post": [0, 0, 0],
              "lerp_mode": "catmullrom"
            },
            "1.0": {
              "post": [7.5, 0, 0],
              "lerp_mode": "catmullrom"
            },
            "1.2917": {
              "post": [2.5, 0, 0],
              "lerp_mode": "catmullrom"
            },
            "2.75": {
              "post": [0, 0, 0],
              "lerp_mode": "catmullrom"
            }
          }
        },
        "tailseg2": {
          "rotation": {
            "0.0": {
              "post": [0, 0, 0],
              "lerp_mode": "catmullrom"
            },
            "1.0": {
              "post": [22.5, 0, 0],
              "lerp_mode": "catmullrom"
            },
            "1.375": {
              "post": [0, 0, 0],
              "lerp_mode": "catmullrom"
            },
            "2.75": {
              "post": [0, 0, 0],
              "lerp_mode": "catmullrom"
            }
          }
        },
        "shovel": {
          "rotation": {
            "0.0": {
              "post": [0, 0, 0],
              "lerp_mode": "catmullrom"
            },
            "1.0": {
              "post": [5, 0, 0],
              "lerp_mode": "catmullrom"
            },
            "1.25": {
              "post": [2.5, 0, 0],
              "lerp_mode": "catmullrom"
            },
            "2.75": {
              "post": [0, 0, 0],
              "lerp_mode": "catmullrom"
            }
          }
        },
        "tophalf": {
          "rotation": {
            "0.0": {
              "post": [0, 0, 0],
              "lerp_mode": "catmullrom"
            },
            "1.0": {
              "post": [0, 0, 0],
              "lerp_mode": "catmullrom"
            },
            "2.75": {
              "post": [0, 0, 0],
              "lerp_mode": "catmullrom"
            }
          }
        },
        "lowernecc": {
          "rotation": {
            "0.0": {
              "post": [0, 0, 0],
              "lerp_mode": "catmullrom"
            },
            "1.0": {
              "post": [-30, 0, 0],
              "lerp_mode": "catmullrom"
            },
            "2.75": {
              "post": [0, 0, 0],
              "lerp_mode": "catmullrom"
            }
          }
        },
        "midnecc": {
          "rotation": {
            "0.0": {
              "post": [0, 0, 0],
              "lerp_mode": "catmullrom"
            },
            "1.0": {
              "post": [-32.5, 0, 0],
              "lerp_mode": "catmullrom"
            },
            "2.75": {
              "post": [0, 0, 0],
              "lerp_mode": "catmullrom"
            }
          }
        },
        "neck": {
          "rotation": {
            "0.0": {
              "post": [0, 0, 0],
              "lerp_mode": "catmullrom"
            },
            "1.0": {
              "post": [-17.5, 0, 0],
              "lerp_mode": "catmullrom"
            },
            "2.75": {
              "post": [0, 0, 0],
              "lerp_mode": "catmullrom"
            }
          }
        },
        "JAWBOT": {
          "rotation": {
            "0.0": {
              "post": [-10, 0, 0],
              "lerp_mode": "catmullrom"
            },
            "1.0": {
              "post": [40, 0, 0],
              "lerp_mode": "catmullrom"
            },
            "1.25": {
              "post": [35, 0, 0],
              "lerp_mode": "catmullrom"
            },
            "1.2917": {
              "post": [40, 0, 0],
              "lerp_mode": "catmullrom"
            },
            "1.3333": {
              "post": [35, 0, 0],
              "lerp_mode": "catmullrom"
            },
            "1.375": {
              "post": [40, 0, 0],
              "lerp_mode": "catmullrom"
            },
            "1.4167": {
              "post": [35, 0, 0],
              "lerp_mode": "catmullrom"
            },
            "1.4583": {
              "post": [40, 0, 0],
              "lerp_mode": "catmullrom"
            },
            "2.75": {
              "post": [-10, 0, 0],
              "lerp_mode": "catmullrom"
            }
          }
        },
        "lshoulder": {
          "rotation": {
            "0.0": {
              "post": [0, 0, 0],
              "lerp_mode": "catmullrom"
            },
            "1.0": {
              "post": [-65.82504, -16.91131, -2.53354],
              "lerp_mode": "catmullrom"
            },
            "2.75": {
              "post": [0, 0, 0],
              "lerp_mode": "catmullrom"
            }
          },
          "position": {
            "0.0": {
              "post": [0, 0, 0],
              "lerp_mode": "catmullrom"
            },
            "1.0": {
              "post": [0, 0, 1],
              "lerp_mode": "catmullrom"
            },
            "2.75": {
              "post": [0, 0, 0],
              "lerp_mode": "catmullrom"
            }
          }
        },
        "lforearm": {
          "rotation": {
            "0.0": {
              "post": [0, 0, 0],
              "lerp_mode": "catmullrom"
            },
            "1.0": {
              "post": [0, -12.5, 0],
              "lerp_mode": "catmullrom"
            },
            "2.75": {
              "post": [0, 0, 0],
              "lerp_mode": "catmullrom"
            }
          }
        },
        "rshoulder": {
          "rotation": {
            "0.0": {
              "post": [0, 0, 0],
              "lerp_mode": "catmullrom"
            },
            "1.0": {
              "post": [-56.81483, 35.61426, 11.70217],
              "lerp_mode": "catmullrom"
            },
            "2.75": {
              "post": [0, 0, 0],
              "lerp_mode": "catmullrom"
            }
          },
          "position": {
            "0.0": {
              "post": [0, 0, 0],
              "lerp_mode": "catmullrom"
            },
            "1.0": {
              "post": [-1, 0, 7],
              "lerp_mode": "catmullrom"
            },
            "2.75": {
              "post": [0, 0, 0],
              "lerp_mode": "catmullrom"
            }
          }
        },
        "rforearm": {
          "rotation": {
            "0.0": {
              "post": [0, 0, 0],
              "lerp_mode": "catmullrom"
            },
            "1.0": {
              "post": [0, 10, 0],
              "lerp_mode": "catmullrom"
            },
            "2.75": {
              "post": [0, 0, 0],
              "lerp_mode": "catmullrom"
            }
          }
        },
        "body": {
          "position": {
            "0.0": {
              "post": [0, 0, 0],
              "lerp_mode": "catmullrom"
            },
            "1.0": {
              "post": [0, 0, 0],
              "lerp_mode": "catmullrom"
            },
            "1.25": {
              "post": [0, -1, 0],
              "lerp_mode": "catmullrom"
            },
            "1.2917": {
              "post": [0, 0, 0],
              "lerp_mode": "catmullrom"
            },
            "1.3333": {
              "post": [0, -1, 0],
              "lerp_mode": "catmullrom"
            },
            "1.375": {
              "post": [0, 0, 0],
              "lerp_mode": "catmullrom"
            },
            "1.4167": {
              "post": [0, -1, 0],
              "lerp_mode": "catmullrom"
            },
            "1.4583": {
              "post": [0, 0, 0],
              "lerp_mode": "catmullrom"
            },
            "1.5": {
              "post": [0, -1, 0],
              "lerp_mode": "catmullrom"
            },
            "1.5417": {
              "post": [0, 0, 0],
              "lerp_mode": "catmullrom"
            },
            "1.5833": {
              "post": [0, -1, 0],
              "lerp_mode": "catmullrom"
            },
            "2.75": {
              "post": [0, 0, 0],
              "lerp_mode": "catmullrom"
            }
          }
        },
        "rleg": {
          "rotation": {
            "0.0": [0, 0, 0],
            "1.0": [-37.5, 0, 0],
            "1.25": [0, 0, 0],
            "2.75": [0, 0, 0]
          },
          "position": {
            "0.0": [0, 0, 0],
            "1.0": [0, 9, 0],
            "1.25": [0, 0, 0],
            "2.75": [0, 0, 0]
          }
        },
        "rfoot": {
          "rotation": {
            "0.0": [0, 0, 0],
            "1.0": [27.5, 0, 0],
            "1.25": [0, 0, 0],
            "2.75": [0, 0, 0]
          },
          "position": {
            "0.0": [0, 0, 0],
            "1.0": [0, 6, 0],
            "1.25": [0, 0, 0],
            "2.75": [0, 0, 0]
          }
        }
      }
    },
    "animation.groudonprimal.faint": {
      "animation_length": 3.25,
      "bones": {
        "middle": {
          "rotation": {
            "0.0": {
              "post": [0, 0, 0],
              "lerp_mode": "catmullrom"
            },
            "1.5": {
              "post": [42.5, 0, 0],
              "lerp_mode": "catmullrom"
            },
            "2.25": {
              "post": [72.5, 0, 0],
              "lerp_mode": "catmullrom"
            },
            "3.0": {
              "post": [72.5, 0, 0],
              "lerp_mode": "catmullrom"
            },
            "3.25": {
              "post": [72.5, 0, 0],
              "lerp_mode": "catmullrom"
            }
          },
          "position": {
            "0.0": {
              "post": [0, 0, 0],
              "lerp_mode": "catmullrom"
            },
            "1.5": {
              "post": [0, 8.94, 0],
              "lerp_mode": "catmullrom"
            },
            "2.25": {
              "post": [0, 8.94, 0],
              "lerp_mode": "catmullrom"
            },
            "3.0": {
              "post": [0, 8.94, 0],
              "lerp_mode": "catmullrom"
            },
            "3.25": {
              "post": [0, 8.94, 0],
              "lerp_mode": "catmullrom"
            }
          }
        },
        "tail": {
          "rotation": {
            "0.0": {
              "post": [0, 0, 0],
              "lerp_mode": "catmullrom"
            },
            "1.5": {
              "post": [-35, 0, 0],
              "lerp_mode": "catmullrom"
            },
            "2.25": {
              "post": [-65, 0, 0],
              "lerp_mode": "catmullrom"
            },
            "3.0": {
              "post": [-65, 0, 0],
              "lerp_mode": "catmullrom"
            },
            "3.25": {
              "post": [-65, 0, 0],
              "lerp_mode": "catmullrom"
            }
          },
          "position": {
            "0.0": {
              "post": [0, 0, 0],
              "lerp_mode": "catmullrom"
            },
            "1.5": {
              "post": [0, -8, -4],
              "lerp_mode": "catmullrom"
            },
            "2.25": {
              "post": [0, -8, -11],
              "lerp_mode": "catmullrom"
            },
            "3.0": {
              "post": [0, -8, -11],
              "lerp_mode": "catmullrom"
            },
            "3.25": {
              "post": [0, -8, -11],
              "lerp_mode": "catmullrom"
            }
          }
        },
        "tailseg1": {
          "rotation": {
            "0.0": {
              "post": [0, 0, 0],
              "lerp_mode": "catmullrom"
            },
            "1.5": {
              "post": [7.5, 0, 0],
              "lerp_mode": "catmullrom"
            },
            "2.25": {
              "post": [-22.5, 0, 0],
              "lerp_mode": "catmullrom"
            },
            "3.0": {
              "post": [-22.5, 0, 0],
              "lerp_mode": "catmullrom"
            },
            "3.25": {
              "post": [-22.5, 0, 0],
              "lerp_mode": "catmullrom"
            }
          }
        },
        "tailseg2": {
          "rotation": {
            "0.0": {
              "post": [0, 0, 0],
              "lerp_mode": "catmullrom"
            },
            "1.5": {
              "post": [22.5, 0, 0],
              "lerp_mode": "catmullrom"
            },
            "2.25": {
              "post": [2.5, 0, 0],
              "lerp_mode": "catmullrom"
            },
            "3.0": {
              "post": [2.5, 0, 0],
              "lerp_mode": "catmullrom"
            },
            "3.25": {
              "post": [2.5, 0, 0],
              "lerp_mode": "catmullrom"
            }
          }
        },
        "shovel": {
          "rotation": {
            "0.0": {
              "post": [0, 0, 0],
              "lerp_mode": "catmullrom"
            },
            "1.5": {
              "post": [5, 0, 0],
              "lerp_mode": "catmullrom"
            },
            "2.25": {
              "post": [-7.5, 0, 0],
              "lerp_mode": "catmullrom"
            },
            "3.0": {
              "post": [-7.5, 0, 0],
              "lerp_mode": "catmullrom"
            },
            "3.25": {
              "post": [-7.5, 0, 0],
              "lerp_mode": "catmullrom"
            }
          }
        },
        "tophalf": {
          "rotation": {
            "0.0": {
              "post": [0, 0, 0],
              "lerp_mode": "catmullrom"
            },
            "1.5": {
              "post": [-27.5, 0, 0],
              "lerp_mode": "catmullrom"
            },
            "2.25": {
              "post": [12.5, 0, 0],
              "lerp_mode": "catmullrom"
            },
            "3.0": {
              "post": [12.5, 0, 0],
              "lerp_mode": "catmullrom"
            },
            "3.25": {
              "post": [12.5, 0, 0],
              "lerp_mode": "catmullrom"
            }
          }
        },
        "lowernecc": {
          "rotation": {
            "0.0": {
              "post": [0, 0, 0],
              "lerp_mode": "catmullrom"
            },
            "1.5": {
              "post": [-40, 0, 0],
              "lerp_mode": "catmullrom"
            },
            "3.0": {
              "post": [-40, 0, 0],
              "lerp_mode": "catmullrom"
            },
            "3.25": {
              "post": [-40, 0, 0],
              "lerp_mode": "catmullrom"
            }
          }
        },
        "midnecc": {
          "rotation": {
            "0.0": {
              "post": [0, 0, 0],
              "lerp_mode": "catmullrom"
            },
            "1.5": {
              "post": [-32.5, 0, 0],
              "lerp_mode": "catmullrom"
            },
            "2.25": {
              "post": [-15, 0, 0],
              "lerp_mode": "catmullrom"
            },
            "3.0": {
              "post": [-15, 0, 0],
              "lerp_mode": "catmullrom"
            },
            "3.25": {
              "post": [-15, 0, 0],
              "lerp_mode": "catmullrom"
            }
          },
          "position": {
            "0.0": {
              "post": [0, 0, 0],
              "lerp_mode": "catmullrom"
            },
            "2.25": {
              "post": [0, -2, -4],
              "lerp_mode": "catmullrom"
            },
            "3.0": {
              "post": [0, -2, -4],
              "lerp_mode": "catmullrom"
            },
            "3.25": {
              "post": [0, -2, -4],
              "lerp_mode": "catmullrom"
            }
          }
        },
        "neck": {
          "rotation": {
            "0.0": {
              "post": [0, 0, 0],
              "lerp_mode": "catmullrom"
            },
            "1.5": {
              "post": [-50, 0, 0],
              "lerp_mode": "catmullrom"
            },
            "2.25": {
              "post": [-37.5, 0, 0],
              "lerp_mode": "catmullrom"
            },
            "2.2917": {
              "post": [-45, 0, 0],
              "lerp_mode": "catmullrom"
            },
            "2.3333": {
              "post": [-37.5, 0, 0],
              "lerp_mode": "catmullrom"
            },
            "2.375": {
              "post": [-37.5, 0, 0],
              "lerp_mode": "catmullrom"
            },
            "2.4167": {
              "post": [-45, 0, 0],
              "lerp_mode": "catmullrom"
            },
            "2.4583": {
              "post": [-37.5, 0, 0],
              "lerp_mode": "catmullrom"
            },
            "3.0": {
              "post": [-37.5, 0, 0],
              "lerp_mode": "catmullrom"
            },
            "3.25": {
              "post": [-37.5, 0, 0],
              "lerp_mode": "catmullrom"
            }
          }
        },
        "JAWBOT": {
          "rotation": {
            "0.0": {
              "post": [-10, 0, 0],
              "lerp_mode": "catmullrom"
            },
            "1.5": {
              "post": [40, 0, 0],
              "lerp_mode": "catmullrom"
            },
            "2.25": {
              "post": [-10, 0, 0],
              "lerp_mode": "catmullrom"
            },
            "3.0": {
              "post": [-10, 0, 0],
              "lerp_mode": "catmullrom"
            },
            "3.25": {
              "post": [-10, 0, 0],
              "lerp_mode": "catmullrom"
            }
          }
        },
        "lshoulder": {
          "rotation": {
            "0.0": {
              "post": [0, 0, 0],
              "lerp_mode": "catmullrom"
            },
            "1.5": {
              "post": [-65.82504, -16.91131, -2.53354],
              "lerp_mode": "catmullrom"
            },
            "2.25": {
              "post": [-48.17562, -21.5867, -25.74429],
              "lerp_mode": "catmullrom"
            },
            "3.0": {
              "post": [-48.17562, -21.5867, -25.74429],
              "lerp_mode": "catmullrom"
            },
            "3.25": {
              "post": [-48.17562, -21.5867, -25.74429],
              "lerp_mode": "catmullrom"
            }
          },
          "position": {
            "0.0": {
              "post": [0, 0, 0],
              "lerp_mode": "catmullrom"
            },
            "1.5": {
              "post": [0, 0, 1],
              "lerp_mode": "catmullrom"
            },
            "3.0": {
              "post": [0, 0, 1],
              "lerp_mode": "catmullrom"
            },
            "3.25": {
              "post": [0, 0, 1],
              "lerp_mode": "catmullrom"
            }
          }
        },
        "lforearm": {
          "rotation": {
            "0.0": {
              "post": [0, 0, 0],
              "lerp_mode": "catmullrom"
            },
            "1.5": {
              "post": [0, -12.5, 0],
              "lerp_mode": "catmullrom"
            },
            "2.25": {
              "post": [0, -32.5, 0],
              "lerp_mode": "catmullrom"
            },
            "3.0": {
              "post": [0, -32.5, 0],
              "lerp_mode": "catmullrom"
            },
            "3.25": {
              "post": [0, -32.5, 0],
              "lerp_mode": "catmullrom"
            }
          }
        },
        "rshoulder": {
          "rotation": {
            "0.0": {
              "post": [0, 0, 0],
              "lerp_mode": "catmullrom"
            },
            "1.5": {
              "post": [-56.81483, 35.61426, 11.70217],
              "lerp_mode": "catmullrom"
            },
            "2.25": {
              "post": [-36.09994, 28.37854, 24.55364],
              "lerp_mode": "catmullrom"
            },
            "3.0": {
              "post": [-36.09994, 28.37854, 24.55364],
              "lerp_mode": "catmullrom"
            },
            "3.25": {
              "post": [-36.09994, 28.37854, 24.55364],
              "lerp_mode": "catmullrom"
            }
          },
          "position": {
            "0.0": {
              "post": [0, 0, 0],
              "lerp_mode": "catmullrom"
            },
            "1.5": {
              "post": [-1, 0, 7],
              "lerp_mode": "catmullrom"
            },
            "3.0": {
              "post": [-1, 0, 7],
              "lerp_mode": "catmullrom"
            },
            "3.25": {
              "post": [-1, 0, 7],
              "lerp_mode": "catmullrom"
            }
          }
        },
        "rforearm": {
          "rotation": {
            "0.0": {
              "post": [0, 0, 0],
              "lerp_mode": "catmullrom"
            },
            "1.5": {
              "post": [0, 10, 0],
              "lerp_mode": "catmullrom"
            },
            "2.25": {
              "post": [0, 17.5, 0],
              "lerp_mode": "catmullrom"
            },
            "3.0": {
              "post": [0, 17.5, 0],
              "lerp_mode": "catmullrom"
            },
            "3.25": {
              "post": [0, 17.5, 0],
              "lerp_mode": "catmullrom"
            }
          }
        },
        "body": {
          "position": {
            "0.0": {
              "post": [0, 0, 0],
              "lerp_mode": "catmullrom"
            },
            "1.5": {
              "post": [0, 0, 0],
              "lerp_mode": "catmullrom"
            },
            "2.25": {
              "post": [0, -18, -22],
              "lerp_mode": "catmullrom"
            },
            "2.2917": {
              "post": [0, -16, -22],
              "lerp_mode": "catmullrom"
            },
            "2.3333": {
              "post": [0, -18, -22],
              "lerp_mode": "catmullrom"
            },
            "2.375": {
              "post": [0, -16, -22],
              "lerp_mode": "catmullrom"
            },
            "2.4167": {
              "post": [0, -18, -22],
              "lerp_mode": "catmullrom"
            },
            "2.4583": {
              "post": [0, -16, -22],
              "lerp_mode": "catmullrom"
            },
            "3.0": {
              "post": [0, -18, -22],
              "lerp_mode": "catmullrom"
            },
            "3.25": {
              "post": [0, -18, -22],
              "lerp_mode": "catmullrom"
            }
          }
        },
        "rleg": {
          "rotation": {
            "0.0": {
              "post": [0, 0, 0],
              "lerp_mode": "catmullrom"
            },
            "1.5": {
              "post": [25, 0, 0],
              "lerp_mode": "catmullrom"
            },
            "2.25": {
              "post": [130, 0, 0],
              "lerp_mode": "catmullrom"
            },
            "3.0": {
              "post": [110, 0, 0],
              "lerp_mode": "catmullrom"
            },
            "3.25": {
              "post": [110, 0, 0],
              "lerp_mode": "catmullrom"
            }
          },
          "position": {
            "0.0": {
              "post": [0, 0, 0],
              "lerp_mode": "catmullrom"
            },
            "1.5": {
              "post": [0, 0, 0],
              "lerp_mode": "catmullrom"
            },
            "3.0": {
              "post": [0, 0, 0],
              "lerp_mode": "catmullrom"
            },
            "3.25": {
              "post": [0, 0, 0],
              "lerp_mode": "catmullrom"
            }
          }
        },
        "rfoot": {
          "rotation": {
            "0.0": {
              "post": [0, 0, 0],
              "lerp_mode": "catmullrom"
            },
            "1.5": {
              "post": [-5, 0, 0],
              "lerp_mode": "catmullrom"
            },
            "2.25": {
              "post": [-22.5, 0, 0],
              "lerp_mode": "catmullrom"
            },
            "3.0": {
              "post": [-22.5, 0, 0],
              "lerp_mode": "catmullrom"
            },
            "3.25": {
              "post": [-22.5, 0, 0],
              "lerp_mode": "catmullrom"
            }
          },
          "position": {
            "0.0": {
              "post": [0, 0, 0],
              "lerp_mode": "catmullrom"
            },
            "2.25": {
              "post": [0, 0, -4],
              "lerp_mode": "catmullrom"
            },
            "3.0": {
              "post": [0, 0, -4],
              "lerp_mode": "catmullrom"
            },
            "3.25": {
              "post": [0, 0, -4],
              "lerp_mode": "catmullrom"
            }
          }
        },
        "lleg": {
          "rotation": {
            "0.0": {
              "post": [0, 0, 0],
              "lerp_mode": "catmullrom"
            },
            "1.5": {
              "post": [30, 0, 0],
              "lerp_mode": "catmullrom"
            },
            "2.25": {
              "post": [127.5, 0, 0],
              "lerp_mode": "catmullrom"
            },
            "3.0": {
              "post": [97.5, 0, 0],
              "lerp_mode": "catmullrom"
            },
            "3.25": {
              "post": [97.5, 0, 0],
              "lerp_mode": "catmullrom"
            }
          }
        },
        "lfoot": {
          "rotation": {
            "0.0": {
              "post": [0, 0, 0],
              "lerp_mode": "catmullrom"
            },
            "1.5": {
              "post": [-5, 0, 0],
              "lerp_mode": "catmullrom"
            },
            "3.0": {
              "post": [-5, 0, 0],
              "lerp_mode": "catmullrom"
            },
            "3.25": {
              "post": [-5, 0, 0],
              "lerp_mode": "catmullrom"
            }
          }
        },
        "ltoe": {
          "rotation": {
            "0.0": {
              "post": [0, 0, 0],
              "lerp_mode": "catmullrom"
            },
            "1.5": {
              "post": [-27.5, 0, 0],
              "lerp_mode": "catmullrom"
            },
            "2.25": {
              "post": [62.5, 0, 0],
              "lerp_mode": "catmullrom"
            },
            "3.0": {
              "post": [62.5, 0, 0],
              "lerp_mode": "catmullrom"
            },
            "3.25": {
              "post": [62.5, 0, 0],
              "lerp_mode": "catmullrom"
            }
          }
        },
        "rtoe": {
          "rotation": {
            "0.0": {
              "post": [0, 0, 0],
              "lerp_mode": "catmullrom"
            },
            "1.5": {
              "post": [-35, 0, 0],
              "lerp_mode": "catmullrom"
            },
            "2.25": {
              "post": [57.5, 0, 0],
              "lerp_mode": "catmullrom"
            },
            "3.0": {
              "post": [57.5, 0, 0],
              "lerp_mode": "catmullrom"
            },
            "3.25": {
              "post": [57.5, 0, 0],
              "lerp_mode": "catmullrom"
            }
          }
        },
        "eyes2": {
          "position": {
            "0.0": [0, 0, 0],
            "1.0": [-2, 0, 0]
          }
        },
        "eyes3": {
          "position": {
            "0.0": [0, 0, 0],
            "1.0": [2, 0, 0]
          }
        }
      }
    },
    "animation.groudonprimal.ground_idle": {
      "loop": true,
      "animation_length": 3,
      "bones": {
        "middle": {
          "position": {
            "0.0": {
              "post": [0, 0, 0],
              "lerp_mode": "catmullrom"
            },
            "1.5": {
              "post": [0, 2, 0],
              "lerp_mode": "catmullrom"
            },
            "3.0": {
              "post": [0, 0, 0],
              "lerp_mode": "catmullrom"
            }
          }
        },
        "tail": {
          "rotation": {
            "0.0": {
              "post": [0, 0, 0],
              "lerp_mode": "catmullrom"
            },
            "1.5": {
              "post": [-5, 0, 0],
              "lerp_mode": "catmullrom"
            },
            "3.0": {
              "post": [0, 0, 0],
              "lerp_mode": "catmullrom"
            }
          }
        },
        "tailseg1": {
          "rotation": {
            "0.0": {
              "post": [0, 0, 0],
              "lerp_mode": "catmullrom"
            },
            "1.5": {
              "post": [-2.5, 0, 0],
              "lerp_mode": "catmullrom"
            },
            "3.0": {
              "post": [0, 0, 0],
              "lerp_mode": "catmullrom"
            }
          }
        },
        "tailseg2": {
          "rotation": {
            "0.0": {
              "post": [0, 0, 0],
              "lerp_mode": "catmullrom"
            },
            "1.5": {
              "post": [2.5, 0, 0],
              "lerp_mode": "catmullrom"
            },
            "3.0": {
              "post": [0, 0, 0],
              "lerp_mode": "catmullrom"
            }
          }
        },
        "JAWBOT": {
          "rotation": {
            "0.0": {
              "post": [-7.5, 0, 0],
              "lerp_mode": "catmullrom"
            },
            "1.5": {
              "post": [0, 0, 0],
              "lerp_mode": "catmullrom"
            },
            "3.0": {
              "post": [-7.5, 0, 0],
              "lerp_mode": "catmullrom"
            }
          }
        },
        "hands": {
          "position": {
            "0.0": {
              "post": [0, 0, 0],
              "lerp_mode": "catmullrom"
            },
            "1.5": {
              "post": [0, 2, 0],
              "lerp_mode": "catmullrom"
            },
            "3.0": {
              "post": [0, 0, 0],
              "lerp_mode": "catmullrom"
            }
          }
        }
      }
    },
    "animation.groudonprimal.ground_walk": {
      "loop": true,
      "animation_length": 4,
      "bones": {
        "body": {
          "position": {
            "0.0": {
              "post": [0, -1, 0],
              "lerp_mode": "catmullrom"
            },
            "0.7083": {
              "post": [0, 1, 0],
              "lerp_mode": "catmullrom"
            },
            "0.75": {
              "post": [0, -1, 0],
              "lerp_mode": "catmullrom"
            },
            "0.7917": {
              "post": [0, 0, 0],
              "lerp_mode": "catmullrom"
            },
            "0.8333": {
              "post": [0, -1, 0],
              "lerp_mode": "catmullrom"
            },
            "2.7083": {
              "post": [0, 1, 0],
              "lerp_mode": "catmullrom"
            },
            "2.75": {
              "post": [0, -1, 0],
              "lerp_mode": "catmullrom"
            },
            "2.7917": {
              "post": [0, 0, 0],
              "lerp_mode": "catmullrom"
            },
            "2.8333": {
              "post": [0, -1, 0],
              "lerp_mode": "catmullrom"
            },
            "4.0": {
              "post": [0, -1, 0],
              "lerp_mode": "catmullrom"
            }
          }
        },
        "lleg": {
          "rotation": {
            "0.0": {
              "post": [40, 0, 0],
              "lerp_mode": "catmullrom"
            },
            "0.75": {
              "post": [61.25, 0, 0],
              "lerp_mode": "catmullrom"
            },
            "2.0": {
              "post": [-42.5, 0, 0],
              "lerp_mode": "catmullrom"
            },
            "2.75": {
              "post": [2.5, 0, 0],
              "lerp_mode": "catmullrom"
            },
            "2.8333": {
              "post": [2.5, 0, 0],
              "lerp_mode": "catmullrom"
            },
            "4.0": {
              "post": [40, 0, 0],
              "lerp_mode": "catmullrom"
            }
          },
          "position": {
            "0.0": {
              "post": [0, 0, 0],
              "lerp_mode": "catmullrom"
            },
            "0.75": {
              "post": [0, -2, 0],
              "lerp_mode": "catmullrom"
            },
            "1.25": {
              "post": [0, 1, 1],
              "lerp_mode": "catmullrom"
            },
            "2.0": {
              "post": [0, 1.19, 0],
              "lerp_mode": "catmullrom"
            },
            "2.75": {
              "post": [0, 1, 0],
              "lerp_mode": "catmullrom"
            },
            "2.8333": {
              "post": [0, 1, 0],
              "lerp_mode": "catmullrom"
            },
            "4.0": {
              "post": [0, 0, 0],
              "lerp_mode": "catmullrom"
            }
          }
        },
        "lfoot": {
          "rotation": {
            "0.0": {
              "post": [0, 0, 0],
              "lerp_mode": "catmullrom"
            },
            "0.75": {
              "post": [-12.5, 0, 0],
              "lerp_mode": "catmullrom"
            },
            "2.0": {
              "post": [32.5, 0, 0],
              "lerp_mode": "catmullrom"
            },
            "2.75": {
              "post": [-2.5, 0, 0],
              "lerp_mode": "catmullrom"
            },
            "2.8333": {
              "post": [-2.5, 0, 0],
              "lerp_mode": "catmullrom"
            },
            "4.0": {
              "post": [0, 0, 0],
              "lerp_mode": "catmullrom"
            }
          },
          "position": {
            "0.0": {
              "post": [0, 0, 0],
              "lerp_mode": "catmullrom"
            },
            "0.75": {
              "post": [0, -3, -1],
              "lerp_mode": "catmullrom"
            },
            "2.0": {
              "post": [0, 7, 0],
              "lerp_mode": "catmullrom"
            },
            "2.75": {
              "post": [0, 0, 0],
              "lerp_mode": "catmullrom"
            },
            "2.8333": {
              "post": [0, 0, 0],
              "lerp_mode": "catmullrom"
            },
            "4.0": {
              "post": [0, 0, 0],
              "lerp_mode": "catmullrom"
            }
          }
        },
        "ltoe": {
          "rotation": {
            "0.0": {
              "post": [-42.5, 0, 0],
              "lerp_mode": "catmullrom"
            },
            "0.75": {
              "post": [-58.12, 0, 0],
              "lerp_mode": "catmullrom"
            },
            "0.8333": {
              "post": [-58.12, 0, 0],
              "lerp_mode": "catmullrom"
            },
            "1.25": {
              "post": [-53.87, 0, 0],
              "lerp_mode": "catmullrom"
            },
            "2.75": {
              "post": [6.13, 0, 0],
              "lerp_mode": "catmullrom"
            },
            "4.0": {
              "post": [-42.5, 0, 0],
              "lerp_mode": "catmullrom"
            }
          }
        },
        "rleg": {
          "rotation": {
            "0.0": {
              "post": [-37.5, 0, 0],
              "lerp_mode": "catmullrom"
            },
            "0.75": {
              "post": [3.44, 0, 0],
              "lerp_mode": "catmullrom"
            },
            "0.8333": {
              "post": [3.44, 0, 0],
              "lerp_mode": "catmullrom"
            },
            "2.0": {
              "post": [55, 0, 0],
              "lerp_mode": "catmullrom"
            },
            "2.75": {
              "post": [65, 0, 0],
              "lerp_mode": "catmullrom"
            },
            "2.8333": {
              "post": [65, 0, 0],
              "lerp_mode": "catmullrom"
            },
            "4.0": {
              "post": [-37.5, 0, 0],
              "lerp_mode": "catmullrom"
            }
          },
          "position": {
            "0.0": {
              "post": [0, 2, 5],
              "lerp_mode": "catmullrom"
            },
            "0.75": {
              "post": [0, 0.64, 0],
              "lerp_mode": "catmullrom"
            },
            "0.8333": {
              "post": [0, 0.64, 0],
              "lerp_mode": "catmullrom"
            },
            "2.0": {
              "post": [0, -2.79, -2.17],
              "lerp_mode": "catmullrom"
            },
            "2.75": {
              "post": [0, -5, 1],
              "lerp_mode": "catmullrom"
            },
            "2.8333": {
              "post": [0, -5, 0],
              "lerp_mode": "catmullrom"
            },
            "4.0": {
              "post": [0, 2, 5],
              "lerp_mode": "catmullrom"
            }
          }
        },
        "rfoot": {
          "rotation": {
            "0.0": {
              "post": [25, 0, 0],
              "lerp_mode": "catmullrom"
            },
            "0.75": {
              "post": [-8.19, 0, 0],
              "lerp_mode": "catmullrom"
            },
            "0.8333": {
              "post": [-8.19, 0, 0],
              "lerp_mode": "catmullrom"
            },
            "2.75": {
              "post": [-8.19, 0, 0],
              "lerp_mode": "catmullrom"
            },
            "2.8333": {
              "post": [-8.19, 0, 0],
              "lerp_mode": "catmullrom"
            },
            "4.0": {
              "post": [25, 0, 0],
              "lerp_mode": "catmullrom"
            }
          },
          "position": {
            "0.0": {
              "post": [0, 6, 0],
              "lerp_mode": "catmullrom"
            },
            "0.75": {
              "post": [0, -2, -1],
              "lerp_mode": "catmullrom"
            },
            "0.8333": {
              "post": [0, -2, -1],
              "lerp_mode": "catmullrom"
            },
            "2.75": {
              "post": [0, -2, -1],
              "lerp_mode": "catmullrom"
            },
            "2.8333": {
              "post": [0, -2, -1],
              "lerp_mode": "catmullrom"
            },
            "4.0": {
              "post": [0, 6, 0],
              "lerp_mode": "catmullrom"
            }
          }
        },
        "rtoe": {
          "rotation": {
            "0.0": {
              "post": [0, 0, 0],
              "lerp_mode": "catmullrom"
            },
            "0.75": {
              "post": [5.63, 0, 0],
              "lerp_mode": "catmullrom"
            },
            "0.8333": {
              "post": [5.63, 0, 0],
              "lerp_mode": "catmullrom"
            },
            "1.25": {
              "post": [-45.12, 0, 0],
              "lerp_mode": "catmullrom"
            },
            "2.0": {
              "post": [-65, 0, 0],
              "lerp_mode": "catmullrom"
            },
            "2.75": {
              "post": [-65, 0, 0],
              "lerp_mode": "catmullrom"
            },
            "2.8333": {
              "post": [-85.67, 0, 0],
              "lerp_mode": "catmullrom"
            },
            "4.0": {
              "post": [0, 0, 0],
              "lerp_mode": "catmullrom"
            }
          }
        },
        "middle": {
          "rotation": [5, 0, 0]
        },
        "tail": {
          "rotation": [-15, 0, 0]
        },
        "tailseg1": {
          "rotation": {
            "0.0": {
              "post": [0, 0, 0],
              "lerp_mode": "catmullrom"
            },
            "0.7083": {
              "post": [5, 0, 0],
              "lerp_mode": "catmullrom"
            },
            "0.9583": {
              "post": [0, 0, 0],
              "lerp_mode": "catmullrom"
            },
            "2.5": {
              "post": [5, 0, 0],
              "lerp_mode": "catmullrom"
            },
            "2.75": {
              "post": [0, 0, 0],
              "lerp_mode": "catmullrom"
            }
          }
        },
        "tailseg2": {
          "rotation": {
            "0.0": {
              "post": [0, 0, 0],
              "lerp_mode": "catmullrom"
            },
            "0.7083": {
              "post": [7.5, 0, 0],
              "lerp_mode": "catmullrom"
            },
            "0.9583": {
              "post": [0, 0, 0],
              "lerp_mode": "catmullrom"
            },
            "2.5": {
              "post": [7.5, 0, 0],
              "lerp_mode": "catmullrom"
            },
            "2.75": {
              "post": [0, 0, 0],
              "lerp_mode": "catmullrom"
            }
          }
        },
        "tophalf": {
          "rotation": [7.5, 0, 0]
        },
        "lowernecc": {
          "rotation": [5, 0, 0]
        },
        "midnecc": {
          "rotation": [7.5, 0, 0]
        },
        "neck": {
          "rotation": [-20, 0, 0]
        },
        "JAWBOT": {
          "rotation": {
            "0.0": {
              "post": [7.78, 0, 0],
              "lerp_mode": "catmullrom"
            },
            "0.7083": {
              "post": [12.5, 0, 0],
              "lerp_mode": "catmullrom"
            },
            "0.8333": {
              "post": [0, 0, 0],
              "lerp_mode": "catmullrom"
            },
            "2.0": {
              "post": [7.78, 0, 0],
              "lerp_mode": "catmullrom"
            },
            "2.7083": {
              "post": [12.5, 0, 0],
              "lerp_mode": "catmullrom"
            },
            "2.8333": {
              "post": [0, 0, 0],
              "lerp_mode": "catmullrom"
            },
            "4.0": {
              "post": [7.78, 0, 0],
              "lerp_mode": "catmullrom"
            }
          }
        },
        "hands": {
          "position": {
            "0.0": {
              "post": [0, 0, 0],
              "lerp_mode": "catmullrom"
            },
            "0.7083": {
              "post": [0, 1, 0],
              "lerp_mode": "catmullrom"
            },
            "0.7917": {
              "post": [0, 0, 0],
              "lerp_mode": "catmullrom"
            },
            "2.7083": {
              "post": [0, 1, 0],
              "lerp_mode": "catmullrom"
            },
            "2.7917": {
              "post": [0, 0, 0],
              "lerp_mode": "catmullrom"
            }
          }
        }
      }
    },
    "animation.groudonprimal.blink": {
      "animation_length": 0.25,
      "bones": {
        "eyes2": {
          "position": {
            "0.0": [0, 0, 0],
            "0.25": [-2, 0, 0]
          }
        },
        "eyes3": {
          "position": {
            "0.0": [0, 0, 0],
            "0.25": [2, 0, 0]
          }
        }
      }
    },
    "animation.groudonprimal.special_attack": {
      "animation_length": 3.75,
      "bones": {
        "body": {
          "position": {
            "0.0": {
              "post": [0, 0, 0],
              "lerp_mode": "catmullrom"
            },
            "1.0": {
              "post": [0, 1, 0],
              "lerp_mode": "catmullrom"
            },
            "1.25": {
              "post": [0, -1, 0],
              "lerp_mode": "catmullrom"
            },
            "1.2917": {
              "post": [0, 0, 0],
              "lerp_mode": "catmullrom"
            },
            "1.3333": {
              "post": [0, -1, 0],
              "lerp_mode": "catmullrom"
            },
            "1.375": {
              "post": [0, 0, 0],
              "lerp_mode": "catmullrom"
            },
            "1.4167": {
              "post": [0, -1, 0],
              "lerp_mode": "catmullrom"
            },
            "1.4583": {
              "post": [0, 0, 0],
              "lerp_mode": "catmullrom"
            },
            "1.5": {
              "post": [0, -1, 0],
              "lerp_mode": "catmullrom"
            },
            "1.5417": {
              "post": [0, 0, 0],
              "lerp_mode": "catmullrom"
            },
            "1.5833": {
              "post": [0, -1, 0],
              "lerp_mode": "catmullrom"
            },
            "1.625": [0, 0, 0]
          }
        },
        "rleg": {
          "rotation": {
            "0.0": {
              "post": [0, 0, 0],
              "lerp_mode": "catmullrom"
            },
            "1.0": {
              "post": [-50, 0, 0],
              "lerp_mode": "catmullrom"
            },
            "1.25": {
              "post": [0, 0, 0],
              "lerp_mode": "catmullrom"
            },
            "2.75": [0, 0, 0],
            "3.75": [0, 0, 0]
          }
        },
        "rfoot": {
          "rotation": {
            "0.0": {
              "post": [0, 0, 0],
              "lerp_mode": "catmullrom"
            },
            "1.0": {
              "post": [42.5, 0, 0],
              "lerp_mode": "catmullrom"
            },
            "1.25": {
              "post": [0, 0, 0],
              "lerp_mode": "catmullrom"
            },
            "2.75": [0, 0, 0],
            "3.75": [0, 0, 0]
          },
          "position": {
            "0.0": {
              "post": [0, 0, 0],
              "lerp_mode": "catmullrom"
            },
            "1.0": {
              "post": [0, 6, 0],
              "lerp_mode": "catmullrom"
            },
            "1.25": {
              "post": [0, 0, 0],
              "lerp_mode": "catmullrom"
            },
            "2.75": [0, 0, 0],
            "3.75": [0, 0, 0]
          }
        },
        "middle": {
          "position": {
            "0.0": [0, 0, 0],
            "1.0": [0, 3, 0],
            "1.25": [0, 0, 0],
            "1.2917": [0, 1, 0],
            "1.3333": [0, 0, 0],
            "1.375": [0, 1, 0],
            "1.4167": [0, 0, 0],
            "1.4583": [0, 1, 0],
            "1.5": [0, 0, 0],
            "1.5417": [0, 1, 0],
            "1.5833": [0, 0, 0],
            "1.625": [0, 1, 0],
            "1.6667": [0, 0, 0],
            "1.7083": [0, 1, 0],
            "1.75": [0, 0, 0],
            "1.7917": [0, 1, 0],
            "1.8333": [0, 0, 0],
            "1.875": [0, 1, 0],
            "1.9167": [0, 0, 0],
            "1.9583": [0, 1, 0],
            "2.0": [0, 0, 0],
            "2.0417": [0, 1, 0],
            "2.0833": [0, 0, 0],
            "2.125": [0, 1, 0],
            "2.1667": [0, 0, 0],
            "2.2083": [0, 1, 0],
            "2.25": [0, 0, 0],
            "2.2917": [0, 1, 0],
            "2.3333": [0, 0, 0],
            "2.375": [0, 1, 0],
            "2.4167": [0, 0, 0],
            "2.4583": [0, 1, 0],
            "2.5": [0, 0, 0],
            "2.5417": [0, 1, 0],
            "2.5833": [0, 0, 0],
            "2.625": [0, 1, 0],
            "2.6667": [0, 0, 0],
            "2.7083": [0, 1, 0],
            "2.75": [0, 0, 0]
          }
        },
        "tail": {
          "rotation": {
            "0.0": {
              "post": [0, 0, 0],
              "lerp_mode": "catmullrom"
            },
            "1.0": {
              "post": [-5, 0, 0],
              "lerp_mode": "catmullrom"
            },
            "3.75": {
              "post": [0, 0, 0],
              "lerp_mode": "catmullrom"
            }
          }
        },
        "tophalf": {
          "rotation": {
            "0.0": {
              "post": [0, 0, 0],
              "lerp_mode": "catmullrom"
            },
            "1.0": {
              "post": [-10, 0, 0],
              "lerp_mode": "catmullrom"
            },
            "1.25": {
              "post": [25, 0, 0],
              "lerp_mode": "catmullrom"
            },
            "2.0": {
              "post": [27.83761, 9.05478, 4.26175],
              "lerp_mode": "catmullrom"
            },
            "2.75": {
              "post": [27.65161, -6.45934, -3.86231],
              "lerp_mode": "catmullrom"
            },
            "3.75": {
              "post": [0, 0, 0],
              "lerp_mode": "catmullrom"
            }
          }
        },
        "lowernecc": {
          "rotation": {
            "0.0": {
              "post": [0, 0, 0],
              "lerp_mode": "catmullrom"
            },
            "1.0": {
              "post": [-32.5, 0, 0],
              "lerp_mode": "catmullrom"
            },
            "1.25": {
              "post": [-2.5, 0, 0],
              "lerp_mode": "catmullrom"
            },
            "2.0": {
              "post": [-2.52154, 7.49282, -0.32902],
              "lerp_mode": "catmullrom"
            },
            "2.75": {
              "post": [-2.58807, -14.98539, 0.66963],
              "lerp_mode": "catmullrom"
            },
            "3.75": {
              "post": [0, 0, 0],
              "lerp_mode": "catmullrom"
            }
          }
        },
        "midnecc": {
          "rotation": {
            "0.0": {
              "post": [0, 0, 0],
              "lerp_mode": "catmullrom"
            },
            "1.0": {
              "post": [-30, 0, 0],
              "lerp_mode": "catmullrom"
            },
            "1.25": {
              "post": [2.5, 0, 0],
              "lerp_mode": "catmullrom"
            },
            "2.0": {
              "post": [-7.41193, 14.98539, 0.66963],
              "lerp_mode": "catmullrom"
            },
            "2.75": {
              "post": [-7.3275, -12.29596, 4.16484],
              "lerp_mode": "catmullrom"
            },
            "3.75": {
              "post": [0, 0, 0],
              "lerp_mode": "catmullrom"
            }
          },
          "position": {
            "0.0": {
              "post": [0, 0, 0],
              "lerp_mode": "catmullrom"
            },
            "2.0": {
              "post": [0, -2, 0],
              "lerp_mode": "catmullrom"
            },
            "3.75": {
              "post": [0, 0, 0],
              "lerp_mode": "catmullrom"
            }
          }
        },
        "neck": {
          "rotation": {
            "0.0": {
              "post": [0, 0, 0],
              "lerp_mode": "catmullrom"
            },
            "1.0": {
              "post": [-45, 0, 0],
              "lerp_mode": "catmullrom"
            },
            "1.25": {
              "post": [-27.5, 0, 0],
              "lerp_mode": "catmullrom"
            },
            "1.75": {
              "post": [-29.28135, 20.29348, -9.92926],
              "lerp_mode": "catmullrom"
            },
            "2.75": {
              "post": [-27.5209, -2.26564, 1.0571],
              "lerp_mode": "catmullrom"
            },
            "3.75": {
              "post": [0, 0, 0],
              "lerp_mode": "catmullrom"
            }
          }
        },
        "JAWBOT": {
          "rotation": {
            "0.0": {
              "post": [0, 0, 0],
              "lerp_mode": "catmullrom"
            },
            "1.0": {
              "post": [0, 0, 0],
              "lerp_mode": "catmullrom"
            },
            "1.25": {
              "post": [40, 0, 0],
              "lerp_mode": "catmullrom"
            },
            "1.2917": {
              "post": [32.47, 0, 0],
              "lerp_mode": "catmullrom"
            },
            "1.3333": {
              "post": [40, 0, 0],
              "lerp_mode": "catmullrom"
            },
            "1.375": {
              "post": [32.47, 0, 0],
              "lerp_mode": "catmullrom"
            },
            "1.4167": {
              "post": [40, 0, 0],
              "lerp_mode": "catmullrom"
            },
            "1.4583": {
              "post": [32.47, 0, 0],
              "lerp_mode": "catmullrom"
            },
            "1.5": {
              "post": [40, 0, 0],
              "lerp_mode": "catmullrom"
            },
            "1.5417": {
              "post": [32.47, 0, 0],
              "lerp_mode": "catmullrom"
            },
            "1.5833": {
              "post": [40, 0, 0],
              "lerp_mode": "catmullrom"
            },
            "1.625": {
              "post": [32.47, 0, 0],
              "lerp_mode": "catmullrom"
            },
            "1.6667": {
              "post": [40, 0, 0],
              "lerp_mode": "catmullrom"
            },
            "1.7083": {
              "post": [32.47, 0, 0],
              "lerp_mode": "catmullrom"
            },
            "1.75": {
              "post": [40, 0, 0],
              "lerp_mode": "catmullrom"
            },
            "1.7917": {
              "post": [32.47, 0, 0],
              "lerp_mode": "catmullrom"
            },
            "1.8333": {
              "post": [40, 0, 0],
              "lerp_mode": "catmullrom"
            },
            "1.875": {
              "post": [32.47, 0, 0],
              "lerp_mode": "catmullrom"
            },
            "1.9167": {
              "post": [40, 0, 0],
              "lerp_mode": "catmullrom"
            },
            "1.9583": {
              "post": [32.47, 0, 0],
              "lerp_mode": "catmullrom"
            },
            "2.0": {
              "post": [40, 0, 0],
              "lerp_mode": "catmullrom"
            },
            "2.0417": {
              "post": [32.47, 0, 0],
              "lerp_mode": "catmullrom"
            },
            "2.0833": {
              "post": [40, 0, 0],
              "lerp_mode": "catmullrom"
            },
            "2.125": {
              "post": [32.47, 0, 0],
              "lerp_mode": "catmullrom"
            },
            "2.1667": {
              "post": [40, 0, 0],
              "lerp_mode": "catmullrom"
            },
            "2.2083": {
              "post": [32.47, 0, 0],
              "lerp_mode": "catmullrom"
            },
            "2.75": {
              "post": [40, 0, 0],
              "lerp_mode": "catmullrom"
            },
            "3.75": {
              "post": [0, 0, 0],
              "lerp_mode": "catmullrom"
            }
          }
        },
        "lshoulder": {
          "rotation": {
            "0.0": {
              "post": [0, 0, 0],
              "lerp_mode": "catmullrom"
            },
            "1.0": {
              "post": [-50, 0, 0],
              "lerp_mode": "catmullrom"
            },
            "1.25": {
              "post": [-28.90442, -46.91211, -29.17073],
              "lerp_mode": "catmullrom"
            },
            "2.75": {
              "post": [-28.90442, -46.91211, -29.17073],
              "lerp_mode": "catmullrom"
            },
            "3.75": {
              "post": [0, 0, 0],
              "lerp_mode": "catmullrom"
            }
          }
        },
        "lforearm": {
          "rotation": {
            "0.0": {
              "post": [0, 0, 0],
              "lerp_mode": "catmullrom"
            },
            "1.0": {
              "post": [0, 42.5, 0],
              "lerp_mode": "catmullrom"
            },
            "1.25": {
              "post": [0, -35, 0],
              "lerp_mode": "catmullrom"
            },
            "2.75": {
              "post": [0, -35, 0],
              "lerp_mode": "catmullrom"
            },
            "3.75": {
              "post": [0, 0, 0],
              "lerp_mode": "catmullrom"
            }
          }
        },
        "rshoulder": {
          "rotation": {
            "0.0": {
              "post": [0, 0, 0],
              "lerp_mode": "catmullrom"
            },
            "1.0": {
              "post": [-42.5, 0, 15],
              "lerp_mode": "catmullrom"
            },
            "1.25": {
              "post": [-40.46538, 58.82186, 27.56463],
              "lerp_mode": "catmullrom"
            },
            "2.75": {
              "post": [-40.46538, 58.82186, 27.56463],
              "lerp_mode": "catmullrom"
            },
            "3.75": {
              "post": [0, 0, 0],
              "lerp_mode": "catmullrom"
            }
          }
        },
        "rforearm": {
          "rotation": {
            "0.0": {
              "post": [0, 0, 0],
              "lerp_mode": "catmullrom"
            },
            "1.0": {
              "post": [0, -50, 0],
              "lerp_mode": "catmullrom"
            },
            "1.25": {
              "post": [0, 42.5, 0],
              "lerp_mode": "catmullrom"
            },
            "2.75": {
              "post": [0, 42.5, 0],
              "lerp_mode": "catmullrom"
            },
            "3.75": {
              "post": [0, 0, 0],
              "lerp_mode": "catmullrom"
            }
          }
        }
      }
    }
  }
}
