{
	"format_version": "1.8.0",
	"animations": {
		"animation.megamewtwoy.air_idle": {
			"loop": true,
			"bones": {
				"e": {
					"rotation": [-2.5, 0, 0],
					"position": [0, 0, 0]
				},
				"shoulder_left": {
					"rotation": [0, "0-math.cos((query.anim_time - 0.2) * 90) * 4", 20],
					"position": [0, 0, 0.8]
				},
				"finger_left_middle": {
					"rotation": [0, "0-math.cos((query.anim_time - 0.8) * 90) * 4", 17.5],
					"position": [-0.5, 0.5, 0]
				},
				"finger_left_middle2": {
					"rotation": [0, 0, 52.5],
					"position": [-0.5, -0.1, 0]
				},
				"finger_left_inner": {
					"rotation": [0, "-30-math.cos((query.anim_time - 0.8) * 90) * 4", 17.5],
					"position": [-0.5, -0.25, 0.75]
				},
				"finger_left_inner2": {
					"rotation": [0, 0, 45],
					"position": [-0.5, -0.4, 0]
				},
				"finger_left_outer": {
					"rotation": [-34.78001, "-52.137-math.cos((query.anim_time - 0.8) * 90) * 4", -31.83619]
				},
				"finger_left_outer2": {
					"rotation": [0, 0, 17.5],
					"position": [-0.2, -0.2, 0]
				},
				"chest": {
					"rotation": ["0-math.cos((query.anim_time - 0.2) * 90) * 4", 0, 0]
				},
				"shoulder_right": {
					"rotation": [-55, "0+math.cos((query.anim_time - 0.2) * 90) * 4", -20],
					"position": [0, 0, 0.8]
				},
				"bone10": {
					"rotation": [0, 0, -47.5],
					"position": [0.5, -0.2, 0]
				},
				"bone12": {
					"rotation": [0, "30+math.cos((query.anim_time - 0.8) * 90) * 4", -17.5],
					"position": [0.5, -0.25, 0.75]
				},
				"bone16": {
					"rotation": [0, 0, -50],
					"position": [0.5, -0.4, 0]
				},
				"bone18": {
					"rotation": [0, "40+math.cos((query.anim_time - 0.8) * 90) * 4", -17.5]
				},
				"leg_left3": {
					"rotation": ["30+math.cos((query.anim_time - 0.2) * 90) * 4", 0, 0]
				},
				"leg_left4": {
					"rotation": ["30+math.cos((query.anim_time - 0.2) * 90) * 8", 0, 0]
				},
				"bone45": {
					"position": [0, 0, 0]
				},
				"megamewtwoy": {
					"position": [0, 0, 0]
				},
				"body": {
					"position": [0, "5+math.cos((query.anim_time - 0.2) * 90) * 2", -3]
				},
				"neck": {
					"rotation": ["0-math.cos((query.anim_time - 0.2) * 90) * 4", 0, 0]
				},
				"head": {
					"rotation": [5, 0, 0]
				},
				"arm_left": {
					"rotation": [0, 0, 7.5]
				},
				"arm_left2": {
					"rotation": [-48.3167, 38.61152, 35.1924],
					"position": [0, -1, 1]
				},
				"arm_left3": {
					"rotation": [10, 0, 120],
					"position": [0, -2, 0]
				},
				"hand_left": {
					"rotation": [11.57518, -4.75113, 22.01816]
				},
				"finger_middle_left": {
					"rotation": [35, 0, 0]
				},
				"finger_outer_left": {
					"rotation": [35, 0, 0]
				},
				"thumb_left": {
					"rotation": [6.76733, -42.30053, -4.56615]
				},
				"tail2": {
					"rotation": ["-15-math.cos((query.anim_time - 0.5) * 90) * 16", 0, 0]
				},
				"tail3": {
					"rotation": ["-7.5+math.cos((query.anim_time - 0.8) * 90) * 16", 0, 0]
				},
				"tail4": {
					"rotation": ["14.9302+math.cos((query.anim_time - 1.1) * 90) * 16", 0, 0.23179]
				},
				"tail5": {
					"rotation": ["-10-math.cos((query.anim_time - 1.4) * 90) * 16", 0, 0]
				},
				"tail6": {
					"rotation": ["-2.5-math.cos((query.anim_time - 1.7) * 90) * 16", -22.5, 0]
				},
				"tail7": {
					"rotation": ["10-math.cos((query.anim_time - 2.0) * 90) * 16", -25, 0]
				},
				"tail8": {
					"rotation": ["0+math.cos((query.anim_time - 2.3) * 90) * 16", -27.5, 0]
				},
				"tail9": {
					"rotation": ["0+math.cos((query.anim_time - 2.5) * 90) * 16", -27.5, 0]
				},
				"bone": {
					"rotation": [15, 0, 0]
				},
				"bone2": {
					"rotation": [30, 0, 0]
				},
				"bone3": {
					"rotation": [22.5, 0, 0]
				},
				"arm_right2": {
					"rotation": [-19.91105, -29.18142, -77.99141],
					"position": [-1, -1, 0]
				},
				"arm_right3": {
					"rotation": [0, 0, -95]
				},
				"hand_right": {
					"rotation": [42.16569, 4.20854, -26.57947]
				},
				"finger_middle_right": {
					"rotation": [42.5, 0, 0]
				},
				"bone4": {
					"rotation": [45, 0, 0]
				},
				"finger_outer_right": {
					"rotation": [52.5, 0, 0]
				},
				"bone5": {
					"rotation": [35, 0, 0]
				},
				"thumb_right": {
					"rotation": [17.19212, 28.87909, 8.49878]
				},
				"bone6": {
					"rotation": [12.5, 0, 0]
				},
				"leg_left": {
					"rotation": [0, -15, 0],
					"position": [-1, 2, 0]
				},
				"foot_left": {
					"rotation": ["45+math.cos((query.anim_time - 0.2) * 90) * 8", 0, 0],
					"position": [0, 1, 2]
				},
				"leg_right": {
					"rotation": [0, 32.5, 0],
					"position": [1, 2, 0],
					"scale": 1
				},
				"foot_right": {
					"rotation": [42.5, 0, 0]
				}
			}
		},
		"animation.megamewtwoy.air_fly": {
			"loop": true,
			"bones": {
				"e": {
					"rotation": [-2.5, 0, 0],
					"position": [0, 0, 0]
				},
				"shoulder_left": {
					"rotation": [0, "0-math.cos((query.anim_time - 0.2) * 90) * 4", 20],
					"position": [0.5, 0.6, 0.8]
				},
				"finger_left_middle": {
					"rotation": [0, "0-math.cos((query.anim_time - 0.8) * 90) * 4", 17.5],
					"position": [-0.5, 0.5, 0]
				},
				"finger_left_middle2": {
					"rotation": [0, 0, 52.5],
					"position": [-0.5, -0.1, 0]
				},
				"finger_left_inner": {
					"rotation": [0, "-30-math.cos((query.anim_time - 0.8) * 90) * 4", 17.5],
					"position": [-0.5, -0.25, 0.75]
				},
				"finger_left_inner2": {
					"rotation": [0, 0, 45],
					"position": [-0.5, -0.4, 0]
				},
				"finger_left_outer": {
					"rotation": [0, "-40-math.cos((query.anim_time - 0.8) * 90) * 4", 17.5]
				},
				"finger_left_outer2": {
					"rotation": [0, 0, 52.5],
					"position": [-0.2, -0.2, 0]
				},
				"chest": {
					"rotation": ["0-math.cos((query.anim_time - 0.2) * 90) * 4", 0, 0]
				},
				"shoulder_right": {
					"rotation": [-55, "0+math.cos((query.anim_time - 0.2) * 90) * 4", -20],
					"position": [0, 0, 0.8]
				},
				"bone10": {
					"rotation": [0, 0, -47.5],
					"position": [0.5, -0.2, 0]
				},
				"bone12": {
					"rotation": [0, "30+math.cos((query.anim_time - 0.8) * 90) * 4", -17.5],
					"position": [0.5, -0.25, 0.75]
				},
				"bone16": {
					"rotation": [0, 0, -50],
					"position": [0.5, -0.4, 0]
				},
				"bone18": {
					"rotation": [0, "40+math.cos((query.anim_time - 0.8) * 90) * 4", -17.5]
				},
				"leg_left3": {
					"rotation": ["30+math.cos((query.anim_time - 0.2) * 90) * 4", 0, 0]
				},
				"leg_left4": {
					"rotation": ["30+math.cos((query.anim_time - 0.2) * 90) * 8", 0, 0]
				},
				"megamewtwoy": {
					"position": [0, 0, 0]
				},
				"body": {
					"rotation": ["42.5+math.cos((query.anim_time - 0.2) * 90) * 4", 0, 0],
					"position": [0, "4+math.cos((query.anim_time - 0.2) * 90) * 4", -3]
				},
				"neck": {
					"rotation": ["0-math.cos((query.anim_time - 0.2) * 90) * 4", 0, 0],
					"position": [0, 1, 0]
				},
				"head": {
					"rotation": [-15, 0, 0],
					"position": [0, -1, 0]
				},
				"arm_left": {
					"rotation": [29.31339, "-7.2983-math.cos((query.anim_time - 0.5) * 90) * 4", 10.05718],
					"position": [0, 0.5, 0]
				},
				"arm_left2": {
					"rotation": [-14.71901, "4.592-math.cos((query.anim_time - 0.8) * 90) * 4", 38.00794],
					"position": [0.25, -0.25, 0.5]
				},
				"arm_left3": {
					"rotation": [5.18892, 11.82278, 15.19865],
					"position": [-1, 0, 0]
				},
				"hand_left": {
					"rotation": [84.87143, "-23.2143-math.cos((query.anim_time - 0.8) * 90) * 4", 0.15802],
					"position": [0, -0.5, -1.5]
				},
				"thumb_left": {
					"rotation": [0, -32.5, 0]
				},
				"tail2": {
					"rotation": [0, "math.cos((query.anim_time - 0.5) * 90) * 16", "math.cos((query.anim_time - 0.5) * 90) * 16"]
				},
				"tail3": {
					"rotation": [0, "math.cos((query.anim_time - 0.8) * 90) * 16", 0]
				},
				"tail4": {
					"rotation": [0, "math.cos((query.anim_time - 1.1) * 90) * 16", 0]
				},
				"tail5": {
					"rotation": [0, "math.cos((query.anim_time - 1.4) * 90) * 16", 0]
				},
				"tail6": {
					"rotation": [0, "math.cos((query.anim_time - 1.7) * 90) * 16", 0]
				},
				"tail7": {
					"rotation": [0, "math.cos((query.anim_time - 2.0) * 90) * 16", 0]
				},
				"tail8": {
					"rotation": [0, "math.cos((query.anim_time - 2.3) * 90) * 16", 0]
				},
				"tail9": {
					"rotation": [0, "math.cos((query.anim_time - 2.5) * 90) * 16", 0]
				},
				"bone": {
					"rotation": [15, 0, 0]
				},
				"bone2": {
					"rotation": [17.5, 0, 0]
				},
				"bone3": {
					"rotation": [12.5, 0, 0]
				},
				"arm_right": {
					"rotation": [29.31339, "7.2983-math.cos((query.anim_time - 0.5) * 90) * 4", -10.0572],
					"position": [0, 0.5, 0]
				},
				"arm_right2": {
					"rotation": [112.44331, "-4.2215+math.cos((query.anim_time - 0.8) * 90) * 4", -32.27689],
					"position": [0.25, -0.75, -1.3]
				},
				"arm_right3": {
					"rotation": [0, 0, 20],
					"position": [1, 0, 0]
				},
				"hand_right": {
					"rotation": [-17.5, "-27.5+math.cos((query.anim_time - 0.8) * 90) * 4", -17.5]
				},
				"bone4": {
					"rotation": [27.5, 0, 0]
				},
				"bone5": {
					"rotation": [37.5, 0, 0]
				},
				"thumb_right": {
					"rotation": [0, 32.5, 0],
					"position": [-1, 0, 0]
				},
				"bone6": {
					"rotation": [20, 0, 0],
					"position": [0, 0, 0]
				},
				"leg_left": {
					"rotation": [0, -15, 0],
					"position": [-1, 0, 0]
				},
				"leg_left2": {
					"rotation": [32.5, 0, 0]
				},
				"foot_left": {
					"rotation": ["37.5+math.cos((query.anim_time - 0.2) * 90) * 8", 0, 0],
					"position": [0, 0, 0]
				},
				"foot_right": {
					"rotation": [55, 0, 0]
				}
			}
		},
		"animation.megamewtwoy.battle_idle": {
			"loop": true,
			"bones": {
				"tail2": {
					"rotation": ["-15-math.cos((query.anim_time - 0.5) * 90) * 16", -15, 0]
				},
				"tail3": {
					"rotation": ["-7.5+math.cos((query.anim_time - 0.8) * 90) * 16", -20, 0]
				},
				"tail4": {
					"rotation": ["14.9302+math.cos((query.anim_time - 1.1) * 90) * 16", -19.99511, 0.23179]
				},
				"tail5": {
					"rotation": ["-10-math.cos((query.anim_time - 1.4) * 90) * 16", -20, 0]
				},
				"tail6": {
					"rotation": ["-2.5-math.cos((query.anim_time - 1.7) * 90) * 16", -22.5, 0]
				},
				"tail7": {
					"rotation": ["10-math.cos((query.anim_time - 2.0) * 90) * 16", -25, 0]
				},
				"tail8": {
					"rotation": ["0+math.cos((query.anim_time - 2.3) * 90) * 16", -27.5, 0]
				},
				"torso_upper": {
					"rotation": ["0-math.cos((query.anim_time - 0.2) * 90) * 4", 0, 0]
				},
				"head": {
					"rotation": ["23.941-math.cos((query.anim_time - 0.5) * 90) * 4", -29.39453, -3.28662]
				},
				"bone8": {
					"position": [0, 0, 0]
				},
				"torso_lower": {
					"rotation": ["0+math.cos((query.anim_time - 0.2) * 90) * 4", 0, 0]
				},
				"body": {
					"rotation": ["0.7038-math.cos((query.anim_time - 0.2) * 90) * 4", 32.41961, 2.42034],
					"position": [-2, "0+math.cos((query.anim_time - 0.2) * 90) * 4", 0]
				},
				"torso_middle": {
					"rotation": ["0+math.cos((query.anim_time - 0.2) * 90) * 4", 0, 0]
				},
				"arm_left": {
					"rotation": [0, "0+math.cos((query.anim_time - 0.5) * 90) * 4", 15],
					"position": [0.5, 0, 0]
				},
				"arm_left2": {
					"rotation": [0, "-40+math.cos((query.anim_time - 0.7) * 90) * 4", 30]
				},
				"arm_left3": {
					"rotation": [-180, "80+math.cos((query.anim_time - 1.1) * 90) * 4", -160],
					"position": [0, 0, 1.5]
				},
				"hand_left": {
					"rotation": [-76.00631, 26.91782, 5.33001],
					"position": [0, -1, 1]
				},
				"finger_middle_left": {
					"rotation": [192.5, 5, -115]
				},
				"finger_outer_left": {
					"rotation": [0, 5, 67.5]
				},
				"thumb_left": {
					"rotation": [61.92691, -40.68316, -15.71033],
					"position": [0, 0, 0]
				},
				"bone2": {
					"rotation": [90, 0, 0]
				},
				"bone": {
					"rotation": [22.5, 0, 0]
				},
				"bone3": {
					"rotation": [95, 0, 0]
				},
				"arm_right": {
					"rotation": [-17.5, "0-math.cos((query.anim_time - 0.5) * 90) * 4", -12.5],
					"position": [-0.5, 0, 0]
				},
				"arm_right2": {
					"rotation": [-46.68827, "60.281-math.cos((query.anim_time - 0.7) * 90) * 4", -16.00344],
					"position": [1, -0.5, -0.5]
				},
				"arm_right3": {
					"rotation": [-30.23619, "-14.0761-math.cos((query.anim_time - 1.1) * 90) * 4", -69.3531],
					"position": [-1, 0, 1]
				},
				"hand_right": {
					"rotation": [0, 0, "-45-math.cos((query.anim_time - 1.4) * 90) * 4"]
				},
				"finger_middle_right": {
					"rotation": [32.5, 0, 0]
				},
				"bone4": {
					"rotation": [37.5, 0, 0]
				},
				"finger_outer_right": {
					"rotation": [37.5, 0, 0]
				},
				"bone5": {
					"rotation": [32.5, 0, 0]
				},
				"thumb_right": {
					"rotation": [20.14371, 34.05444, 8.61775],
					"position": [0, 0, 0]
				},
				"bone6": {
					"rotation": [15, 0, 0]
				},
				"leg_left": {
					"rotation": ["0+math.cos((query.anim_time - 0.5) * 90) * 4", -37.5, 0],
					"position": [-2, 0, -1]
				},
				"bone19": {
					"position": [0, 0.25, 0]
				},
				"bone20": {
					"position": [0, 0.25, 0]
				},
				"megamewtwoy": {
					"position": [0, 7, 0]
				},
				"leg_left2": {
					"rotation": ["0+math.cos((query.anim_time - 0.8) * 90) * 4", 0, 0]
				},
				"foot_left": {
					"rotation": [0, 0, 0]
				},
				"foot_left2": {
					"rotation": ["0+math.cos((query.anim_time - 1.1) * 90) * 4", 0, 0]
				},
				"leg_right": {
					"rotation": ["17.5+math.cos((query.anim_time - 0.5) * 90) * 4", 0, 0],
					"position": [1, 0, 0]
				},
				"leg_right2": {
					"rotation": ["0+math.cos((query.anim_time - 0.8) * 90) * 4", 0, 0]
				},
				"foot_right2": {
					"rotation": ["0+math.cos((query.anim_time - 1.1) * 90) * 4", 0, 0]
				}
			}
		},
		"animation.megamewtwoy.battle_idle2": {
			"loop": true,
			"bones": {
				"tail2": {
					"rotation": ["-15-math.cos((query.anim_time - 0.5) * 90) * 16", -15, 0]
				},
				"tail3": {
					"rotation": ["-7.5+math.cos((query.anim_time - 0.8) * 90) * 16", -20, 0]
				},
				"tail4": {
					"rotation": ["14.9302+math.cos((query.anim_time - 1.1) * 90) * 16", -19.99511, 0.23179]
				},
				"tail5": {
					"rotation": ["-10-math.cos((query.anim_time - 1.4) * 90) * 16", -20, 0]
				},
				"tail6": {
					"rotation": ["-2.5-math.cos((query.anim_time - 1.7) * 90) * 16", -22.5, 0]
				},
				"tail7": {
					"rotation": ["10-math.cos((query.anim_time - 2.0) * 90) * 16", -25, 0]
				},
				"tail8": {
					"rotation": ["0+math.cos((query.anim_time - 2.3) * 90) * 16", -27.5, 0]
				},
				"tail9": {
					"rotation": ["0+math.cos((query.anim_time - 2.5) * 90) * 16", -27.5, 0]
				},
				"torso_upper": {
					"rotation": ["0-math.cos((query.anim_time - 0.2) * 90) * 4", 0, 0]
				},
				"head": {
					"rotation": ["23.941-math.cos((query.anim_time - 0.5) * 90) * 4", -29.39453, -3.28662]
				},
				"bone8": {
					"position": [0, 0, 0]
				},
				"torso_lower": {
					"rotation": ["0+math.cos((query.anim_time - 0.2) * 90) * 4", 0, 0]
				},
				"body": {
					"rotation": [0, 32.5, 0],
					"position": [-2, 0, 0]
				},
				"torso_middle": {
					"rotation": ["0+math.cos((query.anim_time - 0.2) * 90) * 4", 0, 0]
				},
				"arm_left": {
					"rotation": [0, "0+math.cos((query.anim_time - 0.5) * 90) * 4", 15],
					"position": [0.5, 0, 0]
				},
				"arm_left2": {
					"rotation": [-17.05763, "47.0877+math.cos((query.anim_time - 0.7) * 90) * 4", 0.24865]
				},
				"arm_left3": {
					"rotation": [-358.92472, "-0.9096+math.cos((query.anim_time - 1.1) * 90) * 4", -375.01441],
					"position": [0, 0, 0]
				},
				"hand_left": {
					"rotation": [-1.41712, 13.33352, -65.96241],
					"position": [-1, -1, 0]
				},
				"finger_middle_left": {
					"rotation": [90, 5, -115],
					"position": [0, 0, 0]
				},
				"finger_outer_left": {
					"rotation": [-72.5, 5, 67.5],
					"position": [0, 0, 0]
				},
				"thumb_left": {
					"rotation": [24.78052, -12.45711, -27.28687],
					"position": [0, -0.5, 0]
				},
				"bone2": {
					"rotation": [42.5, 0, 0]
				},
				"bone": {
					"rotation": [22.5, 0, 0]
				},
				"bone3": {
					"rotation": [42.5, 0, 0]
				},
				"arm_right": {
					"rotation": [-17.5, "0-math.cos((query.anim_time - 0.5) * 90) * 4", -12.5],
					"position": [-0.5, 0, 0]
				},
				"arm_right2": {
					"rotation": [-46.68827, "60.281-math.cos((query.anim_time - 0.7) * 90) * 4", -16.00344],
					"position": [1, -0.5, -0.5]
				},
				"arm_right3": {
					"rotation": [-30.23619, "-14.0761-math.cos((query.anim_time - 1.1) * 90) * 4", -69.3531],
					"position": [-1, 0, 1]
				},
				"hand_right": {
					"rotation": [0, 0, "-45-math.cos((query.anim_time - 1.4) * 90) * 4"]
				},
				"finger_middle_right": {
					"rotation": [32.5, 0, 0]
				},
				"bone4": {
					"rotation": [37.5, 0, 0]
				},
				"finger_outer_right": {
					"rotation": [37.5, 0, 0]
				},
				"bone5": {
					"rotation": [32.5, 0, 0]
				},
				"thumb_right": {
					"rotation": [20.14371, 34.05444, 8.61775],
					"position": [0, 0, 0]
				},
				"bone6": {
					"rotation": [15, 0, 0]
				},
				"leg_left": {
					"rotation": [0, -37.5, 0],
					"position": [-1, 0, -1]
				},
				"bone19": {
					"position": [0, 0.25, 0]
				},
				"bone20": {
					"position": [0, 0.25, 0]
				}
			}
		}
	}
}