{
	"format_version": "1.12.0",
	"minecraft:geometry": [
		{
			"description": {
				"identifier": "geometry.lopunny2",
				"texture_width": 128,
				"texture_height": 128,
				"visible_bounds_width": 7,
				"visible_bounds_height": 4.5,
				"visible_bounds_offset": [0, 1.75, 0]
			},
			"bones": [
				{
					"name": "lopunny2",
					"pivot": [0, 0, 0]
				},
				{
					"name": "body",
					"parent": "lopunny2",
					"pivot": [0, 19, 0]
				},
				{
					"name": "torso",
					"parent": "body",
					"pivot": [0, 17, 0],
					"rotation": [5, 0, 0],
					"cubes": [
						{"origin": [-3, 15.00761, -3.17431], "size": [6, 8, 6], "inflate": 0.01, "uv": [0, 62]},
						{"origin": [-3, 15.00761, 2.82569], "size": [6, 5, 1], "uv": [18, 62]}
					]
				},
				{
					"name": "chest",
					"parent": "torso",
					"pivot": [0, 23.00761, 0.07569],
					"rotation": [-5, 0, 0],
					"cubes": [
						{"origin": [-2, 22.00761, -1.92431], "size": [4, 6, 4], "uv": [32, 62]}
					]
				},
				{
					"name": "arms",
					"parent": "chest",
					"pivot": [2.5, 26.75761, -0.17431]
				},
				{
					"name": "arm_left",
					"parent": "arms",
					"pivot": [2, 27.50761, 0.07569],
					"cubes": [
						{"origin": [2, 26.50761, -0.92431], "size": [6, 1, 2], "uv": [61, 78]}
					]
				},
				{
					"name": "arm_left2",
					"parent": "arm_left",
					"pivot": [8, 27.50761, 1.07569],
					"cubes": [
						{"origin": [8, 25.00761, -1.92431], "size": [5, 4, 4], "uv": [64, 81]}
					]
				},
				{
					"name": "hand_left",
					"parent": "arm_left2",
					"pivot": [12.5, 29.00761, 2.07569],
					"cubes": [
						{"origin": [12.5, 24.00761, -2.92431], "size": [4, 6, 6], "uv": [100, 77]},
						{"origin": [12.5, 27.00761, -2.92431], "size": [4, 3, 0], "pivot": [14.5, 27.00761, -2.92431], "rotation": [12.5, 0, 0], "uv": [64, 89]},
						{"origin": [12.5, 24.00761, -2.92431], "size": [4, 3, 0], "pivot": [14.5, 27.00761, -2.92431], "rotation": [-12.5, 0, 0], "uv": [64, 92]},
						{"origin": [12.5, 27.00761, 3.07569], "size": [4, 3, 0], "pivot": [14.5, 27.00761, 3.07569], "rotation": [-12.5, 0, 0], "uv": [80, 89]},
						{"origin": [12.5, 24.00761, 3.07569], "size": [4, 3, 0], "pivot": [14.5, 27.00761, 3.07569], "rotation": [12.5, 0, 0], "uv": [80, 92]},
						{"origin": [12.5, 27.00761, 0.07569], "size": [4, 3, 0], "pivot": [14.5, 30.00761, 0.07569], "rotation": [-102.5, 0, 0], "uv": [40, 94]},
						{"origin": [12.5, 30.00761, 0.07569], "size": [4, 3, 0], "pivot": [14.5, 30.00761, 0.07569], "rotation": [-77.5, 0, 0], "uv": [40, 91]},
						{"origin": [12.5, 21.00761, 0.07569], "size": [4, 3, 0], "pivot": [14.5, 24.00761, 0.07569], "rotation": [-77.5, 0, 0], "uv": [40, 100]},
						{"origin": [12.5, 24.00761, 0.07569], "size": [4, 3, 0], "pivot": [14.5, 24.00761, 0.07569], "rotation": [-102.5, 0, 0], "uv": [40, 97]},
						{"origin": [12.5, 27.00761, -2.92431], "size": [0, 3, 6], "pivot": [12.5, 27.00761, 0.07569], "rotation": [0, 0, -12.5], "uv": [96, 86]},
						{"origin": [12.5, 24.00761, -2.92431], "size": [0, 3, 6], "pivot": [12.5, 27.00761, 0.07569], "rotation": [0, 0, 12.5], "uv": [96, 89]}
					]
				},
				{
					"name": "fingers_left",
					"parent": "hand_left",
					"pivot": [16.5, 28.00761, 0.07569]
				},
				{
					"name": "finger_left_ring",
					"parent": "fingers_left",
					"pivot": [16.5, 27.50761, 1.07569],
					"cubes": [
						{"origin": [16.25, 26.50761, 1.07569], "size": [2, 1, 0], "uv": [106, 89]}
					]
				},
				{
					"name": "finger_left_middle",
					"parent": "fingers_left",
					"pivot": [16.5, 28.00761, 0.07569],
					"cubes": [
						{"origin": [16.25, 27.00761, 0.07569], "size": [2, 1, 0], "uv": [106, 90]}
					]
				},
				{
					"name": "finger_left_index",
					"parent": "fingers_left",
					"pivot": [16.5, 27.50761, -0.92431],
					"cubes": [
						{"origin": [16.25, 26.50761, -0.92431], "size": [2, 1, 0], "uv": [106, 91]}
					]
				},
				{
					"name": "arm_right",
					"parent": "arms",
					"pivot": [-2, 27.50761, 0.07569],
					"cubes": [
						{"origin": [-8, 26.50761, -0.92431], "size": [6, 1, 2], "uv": [77, 78], "mirror": true}
					]
				},
				{
					"name": "arm_right2",
					"parent": "arm_right",
					"pivot": [-8, 27.50761, 1.07569],
					"cubes": [
						{"origin": [-13, 25.00761, -1.92431], "size": [5, 4, 4], "uv": [82, 81], "mirror": true}
					]
				},
				{
					"name": "hand_right",
					"parent": "arm_right2",
					"pivot": [-12.5, 29.00761, 2.07569],
					"cubes": [
						{"origin": [-16.5, 24.00761, -2.92431], "size": [4, 6, 6], "uv": [108, 89], "mirror": true},
						{"origin": [-16.5, 27.00761, -2.92431], "size": [4, 3, 0], "pivot": [-14.5, 27.00761, -2.92431], "rotation": [12.5, 0, 0], "uv": [72, 89], "mirror": true},
						{"origin": [-16.5, 24.00761, -2.92431], "size": [4, 3, 0], "pivot": [-14.5, 27.00761, -2.92431], "rotation": [-12.5, 0, 0], "uv": [72, 92], "mirror": true},
						{"origin": [-16.5, 27.00761, 3.07569], "size": [4, 3, 0], "pivot": [-14.5, 27.00761, 3.07569], "rotation": [-12.5, 0, 0], "uv": [88, 89], "mirror": true},
						{"origin": [-16.5, 24.00761, 3.07569], "size": [4, 3, 0], "pivot": [-14.5, 27.00761, 3.07569], "rotation": [12.5, 0, 0], "uv": [88, 92], "mirror": true},
						{"origin": [-16.5, 27.00761, 0.07569], "size": [4, 3, 0], "pivot": [-14.5, 30.00761, 0.07569], "rotation": [-102.5, 0, 0], "uv": [48, 94], "mirror": true},
						{"origin": [-16.5, 30.00761, 0.07569], "size": [4, 3, 0], "pivot": [-14.5, 30.00761, 0.07569], "rotation": [-77.5, 0, 0], "uv": [48, 91], "mirror": true},
						{"origin": [-16.5, 21.00761, 0.07569], "size": [4, 3, 0], "pivot": [-14.5, 24.00761, 0.07569], "rotation": [-77.5, 0, 0], "uv": [48, 100], "mirror": true},
						{"origin": [-16.5, 24.00761, 0.07569], "size": [4, 3, 0], "pivot": [-14.5, 24.00761, 0.07569], "rotation": [-102.5, 0, 0], "uv": [48, 97], "mirror": true},
						{"origin": [-12.5, 27.00761, -2.92431], "size": [0, 3, 6], "pivot": [-12.5, 27.00761, 0.07569], "rotation": [0, 0, 12.5], "uv": [96, 92], "mirror": true},
						{"origin": [-12.5, 24.00761, -2.92431], "size": [0, 3, 6], "pivot": [-12.5, 27.00761, 0.07569], "rotation": [0, 0, -12.5], "uv": [96, 95], "mirror": true}
					]
				},
				{
					"name": "fingers_right",
					"parent": "hand_right",
					"pivot": [-16.5, 28.00761, 0.07569]
				},
				{
					"name": "finger_right_ring",
					"parent": "fingers_right",
					"pivot": [-16.5, 27.50761, 1.07569],
					"cubes": [
						{"origin": [-18.25, 26.50761, 1.07569], "size": [2, 1, 0], "uv": [110, 89], "mirror": true}
					]
				},
				{
					"name": "finger_right_middle",
					"parent": "fingers_right",
					"pivot": [-16.5, 28.00761, 0.07569],
					"cubes": [
						{"origin": [-18.25, 27.00761, 0.07569], "size": [2, 1, 0], "uv": [110, 90], "mirror": true}
					]
				},
				{
					"name": "finger_right_index",
					"parent": "fingers_right",
					"pivot": [-16.5, 27.50761, -0.92431],
					"cubes": [
						{"origin": [-18.25, 26.50761, -0.92431], "size": [2, 1, 0], "uv": [110, 91], "mirror": true}
					]
				},
				{
					"name": "neck",
					"parent": "chest",
					"pivot": [0, 28.00761, 0.32569],
					"cubes": [
						{"origin": [-1, 27.00761, -1.17431], "size": [2, 6, 3], "uv": [21, 73]}
					]
				},
				{
					"name": "head",
					"parent": "neck",
					"pivot": [0, 30.75761, 0.32569],
					"rotation": [5, 0, 0],
					"cubes": [
						{"origin": [-4, 30.75761, -5.67431], "size": [8, 8, 10], "uv": [0, 0]},
						{"origin": [-1, 33.25761, -5.68431], "size": [2, 1, 0], "inflate": 0.01, "uv": [6, 0]},
						{"origin": [-0.5, 38.76761, -4.17431], "size": [1, 0, 7], "uv": [19, 3]}
					]
				},
				{
					"name": "eyes",
					"parent": "head",
					"pivot": [0, 34.50761, -3.42431]
				},
				{
					"name": "eye_left",
					"parent": "eyes",
					"pivot": [4.01, 34.75761, -3.92431],
					"cubes": [
						{"origin": [4.01, 33.25761, -5.42431], "size": [0, 3, 3], "uv": [0, -3]}
					]
				},
				{
					"name": "pupil_left",
					"parent": "eye_left",
					"pivot": [4.02, 34.75761, -3.42431],
					"cubes": [
						{"origin": [4.02, 33.75761, -3.92431], "size": [0, 2, 1], "uv": [6, 0]}
					]
				},
				{
					"name": "eye_shine_left",
					"parent": "eye_left",
					"pivot": [4.03, 35.75761, -3.92431],
					"cubes": [
						{"origin": [4.03, 35.25761, -4.42431], "size": [0, 1, 1], "uv": [6, 2]}
					]
				},
				{
					"name": "eyelid_left",
					"parent": "eye_left",
					"pivot": [3.43, 34.75761, -3.92431],
					"cubes": [
						{"origin": [2.93, 33.25761, -5.42431], "size": [1, 3, 3], "inflate": 0.01, "uv": [0, 28]}
					]
				},
				{
					"name": "eye_right",
					"parent": "eyes",
					"pivot": [-4.01, 34.75761, -3.92431],
					"cubes": [
						{"origin": [-4.01, 33.25761, -5.42431], "size": [0, 3, 3], "uv": [0, 0], "mirror": true}
					]
				},
				{
					"name": "pupil_right",
					"parent": "eye_right",
					"pivot": [-4.02, 34.75761, -3.42431],
					"cubes": [
						{"origin": [-4.02, 33.75761, -3.92431], "size": [0, 2, 1], "uv": [8, 0], "mirror": true}
					]
				},
				{
					"name": "eye_shine_right",
					"parent": "eye_right",
					"pivot": [-4.03, 35.75761, -3.92431],
					"cubes": [
						{"origin": [-4.03, 35.25761, -4.42431], "size": [0, 1, 1], "uv": [8, 2], "mirror": true}
					]
				},
				{
					"name": "eyelid_right",
					"parent": "eye_right",
					"pivot": [-3.43, 34.75761, -3.92431],
					"cubes": [
						{"origin": [-3.93, 33.25761, -5.42431], "size": [1, 3, 3], "inflate": 0.01, "uv": [0, 34], "mirror": true}
					]
				},
				{
					"name": "eyebrow_left",
					"parent": "head",
					"pivot": [4, 38.50761, -5.67431],
					"rotation": [0, 55, 0]
				},
				{
					"name": "eyebrow_left_rotation",
					"parent": "eyebrow_left",
					"pivot": [4, 38.50761, -5.67431],
					"rotation": [45, 0, 0],
					"cubes": [
						{"origin": [4, 36.50761, -8.67431], "size": [0, 4, 9], "inflate": 0.01, "uv": [0, 9]}
					]
				},
				{
					"name": "eyebrow_detail_left",
					"parent": "eyebrow_left_rotation",
					"pivot": [4, 36.50761, -6.67431],
					"rotation": [-12.5, 0, 0],
					"cubes": [
						{"origin": [4, 36.50761, -6.67431], "size": [0, 1, 6], "uv": [0, 20]}
					]
				},
				{
					"name": "eyebrow_left2",
					"parent": "eyebrow_left_rotation",
					"pivot": [4, 38.50761, 0.32569],
					"rotation": [0, -10, 0],
					"cubes": [
						{"origin": [4, 36.50761, 0.32569], "size": [0, 4, 7], "uv": [0, 15]}
					]
				},
				{
					"name": "eyebrow_right",
					"parent": "head",
					"pivot": [-4, 38.50761, -5.67431],
					"rotation": [0, -55, 0]
				},
				{
					"name": "eyebrow_right_rotation",
					"parent": "eyebrow_right",
					"pivot": [-4, 38.50761, -5.67431],
					"rotation": [45, 0, 0],
					"cubes": [
						{"origin": [-4, 36.50761, -8.67431], "size": [0, 4, 9], "inflate": 0.01, "uv": [18, 9], "mirror": true}
					]
				},
				{
					"name": "eyebrow_detail_right",
					"parent": "eyebrow_right_rotation",
					"pivot": [-4, 36.50761, -6.67431],
					"rotation": [-12.5, 0, 0],
					"cubes": [
						{"origin": [-4, 36.50761, -6.67431], "size": [0, 1, 6], "uv": [0, 21], "mirror": true}
					]
				},
				{
					"name": "eyebrow_right2",
					"parent": "eyebrow_right_rotation",
					"pivot": [-4, 38.50761, 0.32569],
					"rotation": [0, 10, 0],
					"cubes": [
						{"origin": [-4, 36.50761, 0.32569], "size": [0, 4, 7], "uv": [14, 15], "mirror": true}
					]
				},
				{
					"name": "ears",
					"parent": "head",
					"pivot": [0, 38.50761, 0.82569]
				},
				{
					"name": "ear_left",
					"parent": "ears",
					"pivot": [0, 38.50761, 0.82569],
					"rotation": [-5, 0, 5],
					"cubes": [
						{"origin": [0, 38.50761, -1.17431], "size": [2, 11, 4], "uv": [36, 6]}
					]
				},
				{
					"name": "ear_left2",
					"parent": "ear_left",
					"pivot": [0, 49.50761, 0.82569]
				},
				{
					"name": "ear_left2_rotation",
					"parent": "ear_left2",
					"pivot": [2, 49.50761, 0.82569],
					"rotation": [0, -2.5, -5],
					"cubes": [
						{"origin": [0, 49.50761, -2.67431], "size": [9, 3, 7], "inflate": 0.01, "uv": [60, 0]}
					]
				},
				{
					"name": "ear_left3",
					"parent": "ear_left2_rotation",
					"pivot": [8, 51.00761, 0.82569],
					"cubes": [
						{"origin": [8, 49.50761, -2.67431], "size": [9, 3, 7], "inflate": 0.02, "uv": [53, 10]},
						{"origin": [17, 49.50761, -1.67431], "size": [3, 3, 5], "uv": [101, 20]},
						{"origin": [10, 48.00761, -4.17431], "size": [11, 3, 10], "uv": [37, 23]}
					]
				},
				{
					"name": "ear_left4",
					"parent": "ear_left3",
					"pivot": [20, 49.50761, 0.82569],
					"cubes": [
						{"origin": [20, 47.50761, -6.17431], "size": [10, 4, 14], "uv": [3, 26]}
					]
				},
				{
					"name": "ear_left5",
					"parent": "ear_left4",
					"pivot": [29, 49.50761, 0.82569],
					"cubes": [
						{"origin": [29, 47.50761, -7.67431], "size": [13, 4, 17], "inflate": 0.02, "uv": [34, 36]}
					]
				},
				{
					"name": "ear_end_left",
					"parent": "ear_left5",
					"pivot": [42, 49.50761, 0.82569]
				},
				{
					"name": "ear_end_left_middle",
					"parent": "ear_end_left",
					"pivot": [42, 49.50761, 0.82569],
					"cubes": [
						{"origin": [42, 47.50761, -2.17431], "size": [4, 4, 6], "uv": [77, 33]}
					]
				},
				{
					"name": "ear_end_left_front",
					"parent": "ear_end_left",
					"pivot": [42, 49.50761, -1.67431],
					"rotation": [0, 20, 0],
					"cubes": [
						{"origin": [42, 47.50761, -7.67431], "size": [4, 4, 6], "inflate": 0.01, "uv": [97, 33]}
					]
				},
				{
					"name": "ear_end_left_front2",
					"parent": "ear_end_left",
					"pivot": [33.5, 49.50761, -7.67431],
					"rotation": [0, 35, 0],
					"cubes": [
						{"origin": [33.5, 47.50761, -7.67431], "size": [6, 4, 4], "uv": [108, 53]}
					]
				},
				{
					"name": "ear_end_left_back",
					"parent": "ear_end_left",
					"pivot": [42, 49.50761, 3.32569],
					"rotation": [0, -20, 0],
					"cubes": [
						{"origin": [42, 47.50761, 3.32569], "size": [4, 4, 6], "inflate": 0.01, "uv": [74, 57]}
					]
				},
				{
					"name": "ear_end_left_back2",
					"parent": "ear_end_left",
					"pivot": [33.5, 49.50761, 9.32569],
					"rotation": [0, -35, 0],
					"cubes": [
						{"origin": [33.5, 47.50761, 5.32569], "size": [6, 4, 4], "uv": [92, 65]}
					]
				},
				{
					"name": "ear_right",
					"parent": "ears",
					"pivot": [0, 38.50761, 0.82569],
					"rotation": [-5, 0, -5],
					"cubes": [
						{"origin": [-2, 38.50761, -1.17431], "size": [2, 11, 4], "uv": [48, 0], "mirror": true}
					]
				},
				{
					"name": "ear_right2",
					"parent": "ear_right",
					"pivot": [0, 49.50761, 0.82569]
				},
				{
					"name": "ear_right2_rotation",
					"parent": "ear_right2",
					"pivot": [-2, 49.50761, 0.82569],
					"rotation": [0, 0, 5],
					"cubes": [
						{"origin": [-9, 49.50761, -2.67431], "size": [9, 3, 7], "inflate": 0.01, "uv": [92, 0], "mirror": true}
					]
				},
				{
					"name": "ear_right3",
					"parent": "ear_right2_rotation",
					"pivot": [-8, 51.00761, 0.82569],
					"cubes": [
						{"origin": [-17, 49.50761, -2.67431], "size": [9, 3, 7], "inflate": 0.02, "uv": [85, 10], "mirror": true},
						{"origin": [-20, 49.50761, -1.67431], "size": [3, 3, 5], "uv": [112, 15], "mirror": true},
						{"origin": [-21, 48.00761, -4.17431], "size": [11, 3, 10], "uv": [69, 20], "mirror": true}
					]
				},
				{
					"name": "ear_right4",
					"parent": "ear_right3",
					"pivot": [-20, 49.50761, 0.82569],
					"cubes": [
						{"origin": [-30, 47.50761, -6.17431], "size": [10, 4, 14], "uv": [0, 44], "mirror": true}
					]
				},
				{
					"name": "ear_right5",
					"parent": "ear_right4",
					"pivot": [-29, 49.50761, 0.82569],
					"cubes": [
						{"origin": [-42, 47.50761, -7.67431], "size": [13, 4, 17], "inflate": 0.02, "uv": [31, 57], "mirror": true}
					]
				},
				{
					"name": "ear_end_right",
					"parent": "ear_right5",
					"pivot": [-42, 49.50761, 0.82569]
				},
				{
					"name": "ear_end_right_middle",
					"parent": "ear_end_right",
					"pivot": [-42, 49.50761, 0.82569],
					"cubes": [
						{"origin": [-46, 47.50761, -2.17431], "size": [4, 4, 6], "uv": [77, 43], "mirror": true}
					]
				},
				{
					"name": "ear_end_right_front",
					"parent": "ear_end_right",
					"pivot": [-42, 49.50761, -1.67431],
					"rotation": [0, -20, 0],
					"cubes": [
						{"origin": [-46, 47.50761, -7.67431], "size": [4, 4, 6], "inflate": 0.01, "uv": [97, 43], "mirror": true}
					]
				},
				{
					"name": "ear_end_right_front2",
					"parent": "ear_end_right",
					"pivot": [-33.5, 49.50761, -7.67431],
					"rotation": [0, -35, 0],
					"cubes": [
						{"origin": [-39.5, 47.50761, -7.67431], "size": [6, 4, 4], "uv": [108, 61], "mirror": true}
					]
				},
				{
					"name": "ear_end_right_back",
					"parent": "ear_end_right",
					"pivot": [-42, 49.50761, 3.32569],
					"rotation": [0, 20, 0],
					"cubes": [
						{"origin": [-46, 47.50761, 3.32569], "size": [4, 4, 6], "inflate": 0.01, "uv": [88, 53], "mirror": true}
					]
				},
				{
					"name": "ear_end_right_back2",
					"parent": "ear_end_right",
					"pivot": [-33.5, 49.50761, 9.32569],
					"rotation": [0, 35, 0],
					"cubes": [
						{"origin": [-39.5, 47.50761, 5.32569], "size": [6, 4, 4], "uv": [108, 69], "mirror": true}
					]
				},
				{
					"name": "mouth",
					"parent": "head",
					"pivot": [0, 32.25761, -5.67431]
				},
				{
					"name": "mouth_closed",
					"parent": "mouth",
					"pivot": [0, 32.25761, -5.67431],
					"cubes": [
						{"origin": [-2.5, 30.75761, -5.67431], "size": [5, 3, 0], "inflate": 0.01, "uv": [26, 0]}
					]
				},
				{
					"name": "mouth_open",
					"parent": "mouth",
					"pivot": [0, 32.25761, -5.67431],
					"cubes": [
						{"origin": [-2.5, 30.75761, -5.57431], "size": [5, 3, 0], "inflate": 0.01, "uv": [28, 3]}
					]
				},
				{
					"name": "tail",
					"parent": "torso",
					"pivot": [0, 17.50761, 2.82569],
					"rotation": [5, 0, 0],
					"cubes": [
						{"origin": [-2, 15.50761, 2.82569], "size": [4, 4, 4], "uv": [5, 76]}
					]
				},
				{
					"name": "legs",
					"parent": "body",
					"pivot": [0, 19.25, 0]
				},
				{
					"name": "leg_left",
					"parent": "legs",
					"pivot": [3, 19.25, 0],
					"rotation": [2.5, 2.5, 2.5],
					"cubes": [
						{"origin": [1, 9.25, -3], "size": [4, 10, 6], "uv": [0, 84]}
					]
				},
				{
					"name": "leg_left2",
					"parent": "leg_left",
					"pivot": [3, 9.25, 0.75],
					"rotation": [-10, 0, -2.5],
					"cubes": [
						{"origin": [1.5, 0, -0.75], "size": [3, 10, 3], "uv": [40, 78]}
					]
				},
				{
					"name": "foot_left",
					"parent": "leg_left2",
					"pivot": [3, 0, -0.75],
					"rotation": [7.5, 0, 0],
					"cubes": [
						{"origin": [1.5, -1, -0.75], "size": [3, 1, 3], "inflate": -0.01, "uv": [57, 99]}
					]
				},
				{
					"name": "leg_fur_left",
					"parent": "leg_left2",
					"pivot": [4.5, 8, -0.5],
					"rotation": [0, 0, -60],
					"cubes": [
						{"origin": [4, 8, -0.5], "size": [5, 0, 2], "inflate": 0.01, "uv": [12, 84]}
					]
				},
				{
					"name": "leg_fur_left2",
					"parent": "leg_left2",
					"pivot": [4.5, 8, 0.75],
					"rotation": [0, -20, -60],
					"cubes": [
						{"origin": [4.5, 8, 0.75], "size": [3, 0, 2], "uv": [32, 84]}
					]
				},
				{
					"name": "leg_right",
					"parent": "legs",
					"pivot": [-3, 19.25, 0],
					"rotation": [2.5, -2.5, -2.5],
					"cubes": [
						{"origin": [-5, 9.25, -3], "size": [4, 10, 6], "uv": [20, 82], "mirror": true}
					]
				},
				{
					"name": "leg_right2",
					"parent": "leg_right",
					"pivot": [-3, 9.25, 0.75],
					"rotation": [-10, 0, 2.5],
					"cubes": [
						{"origin": [-4.5, 0, -0.75], "size": [3, 10, 3], "uv": [52, 78], "mirror": true}
					]
				},
				{
					"name": "foot_right",
					"parent": "leg_right2",
					"pivot": [-3, 0, -0.75],
					"rotation": [7.5, 0, 0],
					"cubes": [
						{"origin": [-4.5, -0.9999, -0.74962], "size": [3, 1, 3], "inflate": -0.01, "uv": [57, 95], "mirror": true}
					]
				},
				{
					"name": "leg_fur_right",
					"parent": "leg_right2",
					"pivot": [-4.5, 8, -0.5],
					"rotation": [0, 0, 60],
					"cubes": [
						{"origin": [-9, 8, -0.5], "size": [5, 0, 2], "inflate": 0.01, "uv": [12, 86], "mirror": true}
					]
				},
				{
					"name": "leg_fur_right2",
					"parent": "leg_right2",
					"pivot": [-4.5, 8, 0.75],
					"rotation": [0, 20, 60],
					"cubes": [
						{"origin": [-7.5, 8, 0.75], "size": [3, 0, 2], "uv": [32, 86], "mirror": true}
					]
				}
			]
		}
	]
}