{
  "format_version": "1.8.0",
  "animations": {
    "animation.palafinhero.pose": {
      "loop": true,
      "bones": {
        "head": {
          "rotation": [0, 15, 0]
        },
        "long_bot": {
          "rotation": [0, 0, 10]
        },
        "arm_left": {
          "rotation": [0, 0, 42.5],
          "position": [0, 1.525, 0]
        },
        "bone2": {
          "rotation": [90, 0, 107.5],
          "position": [0, 0.45, 0.1]
        },
        "finger5": {
          "rotation": [0, 0, -27.5]
        },
        "finger6": {
          "rotation": [0, 0, -40]
        },
        "finger7": {
          "rotation": [0, 0, -5]
        },
        "arm_right": {
          "rotation": [0, -42.5, 25],
          "position": [0, 1.475, 0]
        },
        "bone3": {
          "rotation": [-117.05623, -40.78886, -285.75383],
          "position": [0, 0, 0.475]
        },
        "finger1": {
          "rotation": [0, 0, -10]
        },
        "finger3": {
          "rotation": [0, 0, 10]
        },
        "mainbody": {
          "rotation": [0, 0, -10]
        }
      }
    },
    "animation.palafinhero.ground_idle": {
      "loop": true,
      "bones": {
        "head": {
          "rotation": ["2.5+Math.cos((query.anim_time-0.2) * 90 * 3) * 2", 0, 0]
        },
        "arm_left": {
          "rotation": [
            0,
            0,
            "35+Math.cos((query.anim_time-0.2) * 90 * 3) * 0.3"
          ],
          "position": [0, 0.925, 0]
        },
        "bone2": {
          "rotation": [0, 0, 117.5],
          "position": [-0.125, 0.275, 0]
        },
        "finger5": {
          "rotation": [0, -10, 0]
        },
        "finger6": {
          "rotation": [0, 15, 0]
        },
        "finger7": {
          "rotation": [0, 32.5, 0]
        },
        "arm_right": {
          "rotation": [
            0,
            0,
            "-35+Math.cos((query.anim_time-0.2) * 90 * 3) * -0.3"
          ],
          "position": [0, 0.925, 0]
        },
        "bone3": {
          "rotation": [0, 0, -117.5],
          "position": [0.275, 0.3, 0]
        },
        "finger1": {
          "rotation": [0, 0, 0]
        },
        "finger2": {
          "rotation": [0, -20, 0]
        },
        "finger3": {
          "rotation": [0, -27.5, 0]
        },
        "chest": {
          "rotation": [
            "Math.cos((query.anim_time+0.1) * 90 * 3) * 2",
            0,
            "Math.cos((query.anim_time+0.1) * 90 * 3) * 0.1"
          ],
          "position": [0, "Math.cos((query.anim_time+0.1) * 90 * 3) * -0.3", 0]
        },
        "bo_move": {
          "position": [0, "Math.cos((query.anim_time+0.1) * 90 * 3) * -0.2", 0]
        }
      }
    },
    "animation.palafinhero.water_idle": {
      "loop": true,
      "bones": {
        "head": {
          "rotation": ["2.5+Math.cos((query.anim_time-0.2) * 90 * 2) * 2", 0, 0]
        },
        "arm_left": {
          "rotation": [
            0,
            0,
            "35+Math.cos((query.anim_time-0.2) * 90 * 3) * 0.3"
          ],
          "position": [0, 0.925, 0]
        },
        "bone2": {
          "rotation": [0, 0, 117.5],
          "position": [-0.125, 0.275, 0]
        },
        "finger5": {
          "rotation": [0, -10, 0]
        },
        "finger6": {
          "rotation": [0, 15, 0]
        },
        "finger7": {
          "rotation": [0, 32.5, 0]
        },
        "arm_right": {
          "rotation": [
            0,
            0,
            "-35+Math.cos((query.anim_time-0.2) * 90 * 3) * -0.3"
          ],
          "position": [0, 0.925, 0]
        },
        "bone3": {
          "rotation": [0, 0, -117.5],
          "position": [0.275, 0.3, 0]
        },
        "finger1": {
          "rotation": [0, 0, 0]
        },
        "finger2": {
          "rotation": [0, -20, 0]
        },
        "finger3": {
          "rotation": [0, -27.5, 0]
        },
        "bot": {
          "position": [0, "Math.cos((query.anim_time+0.1) * 90 * 2) * -0.2", 0]
        },
        "chest": {
          "rotation": [
            "Math.cos((query.anim_time+0.1) * 90 * 2) * 2",
            0,
            "Math.cos((query.anim_time+0.1) * 90 * 2) * 0.1"
          ],
          "position": [0, "Math.cos((query.anim_time+0.1) * 90 * 2) * -0.1", 0]
        },
        "mainbody": {
          "rotation": ["0-math.sin(q.anim_time*90*2)*1", 0, 0],
          "position": [0, "1.175-math.sin(q.anim_time*90*2+90)*0.5", 0]
        }
      }
    },
    "animation.palafinhero.water_swim": {
      "loop": true,
      "bones": {
        "head": {
          "rotation": ["-35+Math.cos((query.anim_time-0.2) * 90 * 4) * 2", 0, 0]
        },
        "arm_left": {
          "rotation": [
            -16.42294,
            "0.1141+Math.cos((query.anim_time+0.1) * 90 * 2) * 2",
            "56.1444+Math.cos((query.anim_time+0.1) * 90 * 2) * 6"
          ],
          "position": [0, 0.675, 0.85]
        },
        "bone2": {
          "rotation": [0, 130, 0]
        },
        "finger5": {
          "rotation": [0, 40, 0]
        },
        "finger6": {
          "rotation": [0, 47.5, 0]
        },
        "finger7": {
          "rotation": [0, 55, 0]
        },
        "arm_right": {
          "rotation": [-71.67748, -24.1782, 51.04342]
        },
        "bone3": {
          "rotation": [-110, 0, 0]
        },
        "finger1": {
          "rotation": [0, 77.5, 0]
        },
        "finger2": {
          "rotation": [0, 72.5, 0]
        },
        "finger3": {
          "rotation": [0, 72.5, 0]
        },
        "bot": {
          "rotation": [12.5, 0, 0],
          "position": [0, "Math.cos((query.anim_time+0.1) * 90 * 2) * -0.2", 0]
        },
        "chest": {
          "rotation": [
            "-5+Math.cos((query.anim_time+0.1) * 90 * 4) * 2",
            0,
            "Math.cos((query.anim_time+0.1) * 90 * 4) * 0.1"
          ],
          "position": [0, "Math.cos((query.anim_time+0.1) * 90 * 2) * -0.1", 0]
        },
        "mainbody": {
          "rotation": ["60-math.sin(q.anim_time*90*4)*1", 0, 0],
          "position": [0, "8.275-math.sin(q.anim_time*90*4+90)*1.0", 0]
        },
        "long_bot": {
          "rotation": ["0+Math.cos((query.anim_time+5) * 90 * 4) * 10", 0, 0]
        },
        "spinner": {
          "rotation": ["0+Math.cos((query.anim_time+5) * 90 * 4) * 10", 0, 0]
        }
      }
    }
  }
}
