{
	"format_version": "1.12.0",
	"minecraft:geometry": [
		{
			"description": {
				"identifier": "geometry.unknown",
				"texture_width": 128,
				"texture_height": 128,
				"visible_bounds_width": 7,
				"visible_bounds_height": 4.5,
				"visible_bounds_offset": [0, 1.75, 0]
			},
			"bones": [
				{
					"name": "charizard",
					"pivot": [0, 0, 0]
				},
				{
					"name": "body",
					"parent": "charizard",
					"pivot": [0, 0, 0]
				},
				{
					"name": "torso",
					"parent": "body",
					"pivot": [0, 7, 0],
					"cubes": [
						{"origin": [-7, 6.02664, -3.61009], "size": [14, 11, 11], "uv": [0, 0]},
						{"origin": [-4.5, 8.52664, 13.13991], "size": [9, 14, 0], "pivot": [0, -0.97336, 4.38991], "rotation": [15, 0, 0], "uv": [54, 75]}
					]
				},
				{
					"name": "chest",
					"parent": "torso",
					"pivot": [0, 16.02664, -0.61009],
					"cubes": [
						{"origin": [-6, 17.02664, -3.11009], "size": [12, 7, 10], "uv": [36, 35]}
					]
				},
				{
					"name": "bone2",
					"parent": "chest",
					"pivot": [-6, 25.02664, 5.38991],
					"rotation": [15, 15, 0],
					"cubes": [
						{"origin": [-22.94563, 10.76064, 3.7276], "size": [3, 3, 3], "pivot": [0.05437, -0.23936, -0.7724], "rotation": [0, 0, 45], "uv": [16, 85], "mirror": true},
						{"origin": [-12.94563, 22.01064, 4.2276], "size": [4, 2, 2], "pivot": [0.05437, -0.23936, -0.7724], "rotation": [0, 0, 5], "uv": [84, 71], "mirror": true}
					]
				},
				{
					"name": "bone22",
					"parent": "bone2",
					"pivot": [0.05437, -0.23936, -0.7724],
					"cubes": [
						{"origin": [-20.44563, 19.51064, 4.2276], "size": [4, 2, 2], "inflate": -0.01, "pivot": [0.05437, -0.23936, -0.7724], "rotation": [0, 0, 15], "uv": [84, 71], "mirror": true}
					]
				},
				{
					"name": "bone21",
					"parent": "bone22",
					"pivot": [0.05437, -0.23936, -0.7724],
					"cubes": [
						{"origin": [-43.44563, 6.66064, 4.2276], "size": [16, 2, 2], "pivot": [0.05437, -0.23936, -0.7724], "rotation": [0, 0, 45], "uv": [30, 27], "mirror": true},
						{"origin": [-29.94563, -7.73936, 6.2376], "size": [9, 21, 0], "pivot": [0.05437, -0.23936, -0.7724], "rotation": [0, 0, 35], "uv": [0, 62], "mirror": true},
						{"origin": [-16.94563, 5.26064, 6.2276], "size": [7, 17, 0], "pivot": [0.05437, -0.23936, -0.7724], "rotation": [0, 0, 12.5], "uv": [72, 75]},
						{"origin": [-41.94563, -27.73936, 6.2376], "size": [7, 19, 0], "pivot": [0.05437, -0.23936, -0.7724], "rotation": [0, 0, 70], "uv": [40, 67], "mirror": true},
						{"origin": [-38.94563, -16.73936, 6.2276], "size": [9, 21, 0], "pivot": [0.05437, -0.23936, -0.7724], "rotation": [0, 0, 50], "uv": [0, 62], "mirror": true}
					]
				},
				{
					"name": "bone26",
					"parent": "bone21",
					"pivot": [0.05437, -0.23936, -0.7724],
					"cubes": [
						{"origin": [-43.44563, 8.66064, 4.2276], "size": [4, 2, 2], "pivot": [0.05437, -0.23936, -0.7724], "rotation": [0, 0, 45], "uv": [84, 23], "mirror": true},
						{"origin": [-44.44563, -1.33936, 5.2276], "size": [5, 6, 0], "pivot": [0.05437, -0.23936, -0.7724], "rotation": [0, 0, 60], "uv": [0, 0], "mirror": true}
					]
				},
				{
					"name": "bone27",
					"parent": "bone21",
					"pivot": [0.05437, -0.23936, -0.7724],
					"cubes": [
						{"origin": [-22.69563, 38.51064, 4.2276], "size": [5, 2, 2], "inflate": -0.01, "pivot": [0.05437, -0.23936, -0.7724], "rotation": [0, 0, -10], "uv": [52, 31], "mirror": true}
					]
				},
				{
					"name": "bone28",
					"parent": "bone27",
					"pivot": [0.05437, -0.23936, -0.7724],
					"cubes": [
						{"origin": [-27.69563, 38.51064, 4.7276], "size": [5, 2, 1], "pivot": [0.05437, -0.23936, -0.7724], "rotation": [0, 0, -10], "uv": [85, 36], "mirror": true}
					]
				},
				{
					"name": "bone29",
					"parent": "bone28",
					"pivot": [0.05437, -0.23936, -0.7724],
					"cubes": [
						{"origin": [-28.69563, 40.76064, 4.7276], "size": [5, 1, 1], "inflate": -0.01, "pivot": [0.05437, -0.23936, -0.7724], "rotation": [0, 0, -15], "uv": [0, 57], "mirror": true}
					]
				},
				{
					"name": "bone3",
					"parent": "chest",
					"pivot": [6, 25.02664, 5.38991],
					"rotation": [15, -15, 0],
					"cubes": [
						{"origin": [19.94563, 10.76064, 3.7276], "size": [3, 3, 3], "pivot": [-0.05437, -0.23936, -0.7724], "rotation": [0, 0, -45], "uv": [16, 85]},
						{"origin": [8.94563, 22.01064, 4.2276], "size": [4, 2, 2], "pivot": [-0.05437, -0.23936, -0.7724], "rotation": [0, 0, -5], "uv": [84, 71]}
					]
				},
				{
					"name": "bone30",
					"parent": "bone3",
					"pivot": [-0.05437, -0.23936, -0.7724],
					"cubes": [
						{"origin": [16.44563, 19.51064, 4.2276], "size": [4, 2, 2], "inflate": -0.01, "pivot": [-0.05437, -0.23936, -0.7724], "rotation": [0, 0, -15], "uv": [84, 71]}
					]
				},
				{
					"name": "bone31",
					"parent": "bone30",
					"pivot": [-0.05437, -0.23936, -0.7724],
					"cubes": [
						{"origin": [27.44563, 6.66064, 4.2276], "size": [16, 2, 2], "pivot": [-0.05437, -0.23936, -0.7724], "rotation": [0, 0, -45], "uv": [30, 27]},
						{"origin": [20.94563, -7.73936, 6.2376], "size": [9, 21, 0], "pivot": [-0.05437, -0.23936, -0.7724], "rotation": [0, 0, -35], "uv": [0, 62]},
						{"origin": [9.94563, 5.26064, 6.2276], "size": [7, 17, 0], "pivot": [-0.05437, -0.23936, -0.7724], "rotation": [0, 0, -12.5], "uv": [72, 75], "mirror": true},
						{"origin": [34.94563, -27.73936, 6.2376], "size": [7, 19, 0], "pivot": [-0.05437, -0.23936, -0.7724], "rotation": [0, 0, -70], "uv": [40, 67]},
						{"origin": [29.94563, -16.73936, 6.2276], "size": [9, 21, 0], "pivot": [-0.05437, -0.23936, -0.7724], "rotation": [0, 0, -50], "uv": [0, 62]}
					]
				},
				{
					"name": "bone32",
					"parent": "bone31",
					"pivot": [-0.05437, -0.23936, -0.7724],
					"cubes": [
						{"origin": [39.44563, 8.66064, 4.2276], "size": [4, 2, 2], "pivot": [-0.05437, -0.23936, -0.7724], "rotation": [0, 0, -45], "uv": [84, 23]},
						{"origin": [39.44563, -1.33936, 5.2276], "size": [5, 6, 0], "pivot": [-0.05437, -0.23936, -0.7724], "rotation": [0, 0, -60], "uv": [0, 0]}
					]
				},
				{
					"name": "bone36",
					"parent": "bone31",
					"pivot": [-0.05437, -0.23936, -0.7724],
					"cubes": [
						{"origin": [17.69563, 38.51064, 4.2276], "size": [5, 2, 2], "inflate": -0.01, "pivot": [-0.05437, -0.23936, -0.7724], "rotation": [0, 0, 10], "uv": [52, 31]}
					]
				},
				{
					"name": "bone37",
					"parent": "bone36",
					"pivot": [-0.05437, -0.23936, -0.7724],
					"cubes": [
						{"origin": [22.69563, 38.51064, 4.7276], "size": [5, 2, 1], "pivot": [-0.05437, -0.23936, -0.7724], "rotation": [0, 0, 10], "uv": [85, 36]}
					]
				},
				{
					"name": "bone41",
					"parent": "bone37",
					"pivot": [-0.05437, -0.23936, -0.7724],
					"cubes": [
						{"origin": [23.69563, 40.76064, 4.7276], "size": [5, 1, 1], "inflate": -0.01, "pivot": [-0.05437, -0.23936, -0.7724], "rotation": [0, 0, 15], "uv": [0, 57]}
					]
				},
				{
					"name": "shoulder_left",
					"parent": "chest",
					"pivot": [5, 22.02664, 1.38991],
					"cubes": [
						{"origin": [4, 20.52664, -1.11009], "size": [4, 4, 5], "uv": [18, 76]}
					]
				},
				{
					"name": "arm_left",
					"parent": "shoulder_left",
					"pivot": [8, 22.02664, 1.38991],
					"cubes": [
						{"origin": [7, 21.52664, -0.11009], "size": [6, 2, 3], "uv": [77, 12]}
					]
				},
				{
					"name": "forearm_left",
					"parent": "arm_left",
					"pivot": [13, 22.02664, 1.38991],
					"cubes": [
						{"origin": [13, 21.52664, -0.11009], "size": [6, 2, 3], "inflate": -0.01, "uv": [56, 52]}
					]
				},
				{
					"name": "hand_left",
					"parent": "forearm_left",
					"pivot": [17, 22.02664, 1.38991],
					"cubes": [
						{"origin": [17.5, 21.52664, -0.61009], "size": [4, 2, 4], "inflate": 0.01, "uv": [0, 83]}
					]
				},
				{
					"name": "finger_pointer_left",
					"parent": "hand_left",
					"pivot": [21, 22.02664, 0.38991],
					"cubes": [
						{"origin": [21, 21.52664, -0.11009], "size": [2, 1, 1], "inflate": 0.2, "uv": [39, 0]}
					]
				},
				{
					"name": "finger_pointer_left2",
					"parent": "finger_pointer_left",
					"pivot": [23.5, 22.52664, 0.38991],
					"cubes": [
						{"origin": [22.5, 21.52664, 0.38991], "size": [3, 1, 0], "uv": [30, 26]},
						{"origin": [23.25, 21.52664, -0.11009], "size": [1, 1, 1], "inflate": 0.2, "uv": [41, 36]}
					]
				},
				{
					"name": "finger_middle_left",
					"parent": "hand_left",
					"pivot": [21, 23.02664, 1.38991],
					"cubes": [
						{"origin": [21, 22.52664, 0.88991], "size": [2, 1, 1], "inflate": 0.2, "uv": [39, 0]}
					]
				},
				{
					"name": "finger_middle_left2",
					"parent": "finger_middle_left",
					"pivot": [23.5, 23.52664, 1.38991],
					"cubes": [
						{"origin": [22.5, 22.52664, 1.38991], "size": [3, 1, 0], "uv": [30, 26]},
						{"origin": [23.25, 22.52664, 0.88991], "size": [1, 1, 1], "inflate": 0.2, "uv": [41, 36]}
					]
				},
				{
					"name": "finger_ring_left",
					"parent": "hand_left",
					"pivot": [21, 22.02664, 2.38991],
					"cubes": [
						{"origin": [21, 21.52664, 1.88991], "size": [2, 1, 1], "inflate": 0.2, "uv": [39, 0]}
					]
				},
				{
					"name": "finger_ring_left2",
					"parent": "finger_ring_left",
					"pivot": [23.5, 22.52664, 2.38991],
					"cubes": [
						{"origin": [23.5, 21.52664, 2.38991], "size": [2, 1, 0], "uv": [7, 8]},
						{"origin": [23.25, 21.52664, 1.88991], "size": [1, 1, 1], "inflate": 0.2, "uv": [41, 36]}
					]
				},
				{
					"name": "bone5",
					"parent": "shoulder_left",
					"pivot": [1, 0.02664, 3.38991],
					"cubes": [
						{"origin": [5, 24.02664, -3.61009], "size": [2, 3, 2], "inflate": -0.01, "pivot": [1, 0.02664, 3.38991], "rotation": [-15, 0, 0], "uv": [86, 87]},
						{"origin": [4.5, 15.02664, -15.61009], "size": [3, 4, 3], "pivot": [1, 0.02664, 3.38991], "rotation": [-45, 0, 0], "uv": [84, 64]},
						{"origin": [6, 26.02664, 10.38991], "size": [0, 2, 2], "inflate": -0.01, "pivot": [1, 0.02664, 3.38991], "rotation": [15, 0, 0], "uv": [7, 4]}
					]
				},
				{
					"name": "bone6",
					"parent": "shoulder_left",
					"pivot": [1, 0.02664, -1.61009],
					"cubes": [
						{"origin": [5, 24.02664, 3.38991], "size": [2, 3, 2], "inflate": -0.01, "pivot": [1, 0.02664, -1.61009], "rotation": [15, 0, 0], "uv": [86, 87]},
						{"origin": [4.5, 15.02664, 14.38991], "size": [3, 4, 3], "pivot": [1, 0.02664, -1.61009], "rotation": [45, 0, 0], "uv": [84, 64]},
						{"origin": [6, 26.02664, -10.61009], "size": [0, 2, 2], "inflate": -0.01, "pivot": [1, 0.02664, -1.61009], "rotation": [-15, 0, 0], "uv": [12, 32], "mirror": true}
					]
				},
				{
					"name": "shoulder_right",
					"parent": "chest",
					"pivot": [-5, 22.02664, 1.38991],
					"cubes": [
						{"origin": [-8, 20.52664, -1.11009], "size": [4, 4, 5], "uv": [18, 76], "mirror": true}
					]
				},
				{
					"name": "arm_right",
					"parent": "shoulder_right",
					"pivot": [-8, 22.02664, 1.38991],
					"cubes": [
						{"origin": [-13, 21.52664, -0.11009], "size": [6, 2, 3], "uv": [77, 12], "mirror": true}
					]
				},
				{
					"name": "forearm_right",
					"parent": "arm_right",
					"pivot": [-13, 22.02664, 1.38991],
					"cubes": [
						{"origin": [-19, 21.52664, -0.11009], "size": [6, 2, 3], "inflate": -0.01, "uv": [56, 52], "mirror": true}
					]
				},
				{
					"name": "hand_right",
					"parent": "forearm_right",
					"pivot": [-17, 22.02664, 1.38991],
					"cubes": [
						{"origin": [-21.5, 21.52664, -0.61009], "size": [4, 2, 4], "inflate": 0.01, "uv": [0, 83], "mirror": true}
					]
				},
				{
					"name": "finger_pointer_right",
					"parent": "hand_right",
					"pivot": [-21, 22.02664, 0.38991],
					"cubes": [
						{"origin": [-23, 21.52664, -0.11009], "size": [2, 1, 1], "inflate": 0.2, "uv": [39, 0], "mirror": true}
					]
				},
				{
					"name": "finger_pointer_right2",
					"parent": "finger_pointer_right",
					"pivot": [-23.5, 22.52664, 0.38991],
					"cubes": [
						{"origin": [-25.5, 21.52664, 0.38991], "size": [3, 1, 0], "uv": [30, 26], "mirror": true},
						{"origin": [-24.25, 21.52664, -0.11009], "size": [1, 1, 1], "inflate": 0.2, "uv": [41, 36], "mirror": true}
					]
				},
				{
					"name": "ringer_middle_right",
					"parent": "hand_right",
					"pivot": [-21, 23.02664, 1.38991],
					"cubes": [
						{"origin": [-23, 22.52664, 0.88991], "size": [2, 1, 1], "inflate": 0.2, "uv": [39, 0], "mirror": true}
					]
				},
				{
					"name": "finger_middle_right",
					"parent": "ringer_middle_right",
					"pivot": [-23.5, 23.52664, 1.38991],
					"cubes": [
						{"origin": [-25.5, 22.52664, 1.38991], "size": [3, 1, 0], "uv": [30, 26], "mirror": true},
						{"origin": [-24.25, 22.52664, 0.88991], "size": [1, 1, 1], "inflate": 0.2, "uv": [41, 36], "mirror": true}
					]
				},
				{
					"name": "finger_ring_right",
					"parent": "hand_right",
					"pivot": [-21, 22.02664, 2.38991],
					"cubes": [
						{"origin": [-23, 21.52664, 1.88991], "size": [2, 1, 1], "inflate": 0.2, "uv": [39, 0], "mirror": true}
					]
				},
				{
					"name": "finger_ring_right2",
					"parent": "finger_ring_right",
					"pivot": [-23.5, 22.52664, 2.38991],
					"cubes": [
						{"origin": [-25.5, 21.52664, 2.38991], "size": [2, 1, 0], "uv": [7, 8], "mirror": true},
						{"origin": [-24.25, 21.52664, 1.88991], "size": [1, 1, 1], "inflate": 0.2, "uv": [41, 36], "mirror": true}
					]
				},
				{
					"name": "bone",
					"parent": "shoulder_right",
					"pivot": [-11, 0.02664, -1.61009],
					"cubes": [
						{"origin": [-7, 24.02664, 3.38991], "size": [2, 3, 2], "inflate": -0.01, "pivot": [-11, 0.02664, -1.61009], "rotation": [15, 0, 0], "uv": [0, 89]},
						{"origin": [-7.5, 15.02664, 14.38991], "size": [3, 4, 3], "pivot": [-11, 0.02664, -1.61009], "rotation": [45, 0, 0], "uv": [84, 64]},
						{"origin": [-6, 26.02664, -10.61009], "size": [0, 2, 2], "inflate": -0.01, "pivot": [-11, 0.02664, -1.61009], "rotation": [-15, 0, 0], "uv": [12, 32]}
					]
				},
				{
					"name": "bone4",
					"parent": "shoulder_right",
					"pivot": [-11, 0.02664, 3.38991],
					"cubes": [
						{"origin": [-7, 24.02664, -3.61009], "size": [2, 3, 2], "inflate": -0.01, "pivot": [-11, 0.02664, 3.38991], "rotation": [-15, 0, 0], "uv": [86, 82]},
						{"origin": [-7.5, 15.02664, -15.61009], "size": [3, 4, 3], "pivot": [-11, 0.02664, 3.38991], "rotation": [-45, 0, 0], "uv": [84, 64]},
						{"origin": [-6, 26.02664, 10.38991], "size": [0, 2, 2], "inflate": -0.01, "pivot": [-11, 0.02664, 3.38991], "rotation": [15, 0, 0], "uv": [7, 4]}
					]
				},
				{
					"name": "neck1",
					"parent": "chest",
					"pivot": [0, 25.02664, 1.38991],
					"rotation": [15, 0, 0],
					"cubes": [
						{"origin": [-2.5, 23.02664, -1.61009], "size": [5, 8, 6], "uv": [18, 62]},
						{"origin": [0, 29.02664, 0.38991], "size": [0, 2, 6], "uv": [42, 25]},
						{"origin": [0, 25.52664, 0.88991], "size": [0, 3, 6], "uv": [0, 28]}
					]
				},
				{
					"name": "neck2",
					"parent": "neck1",
					"pivot": [0, 30.02664, 1.38991],
					"rotation": [15, 0, 0],
					"cubes": [
						{"origin": [-2.5, 30.02664, -1.51009], "size": [5, 7, 6], "inflate": 0.01, "uv": [68, 21]}
					]
				},
				{
					"name": "head",
					"parent": "neck2",
					"pivot": [0, 34.02664, -0.61009],
					"rotation": [-30, 0, 0],
					"cubes": [
						{"origin": [-3.5, 33.02664, -2.11009], "size": [7, 7, 8], "inflate": 0.01, "pivot": [0, 0.02664, -2.61009], "rotation": [5, 0, 0], "uv": [34, 52]}
					]
				},
				{
					"name": "bone11",
					"parent": "head",
					"pivot": [0, 0.02664, -1.61009],
					"rotation": [5, 0, 0],
					"cubes": [
						{"origin": [-2.85, 34.12664, -4.46009], "size": [5, 6, 5], "pivot": [0, 0.02664, -1.61009], "rotation": [0, -45, 0], "uv": [70, 34]},
						{"origin": [-1.35, 36.77664, -4.46009], "size": [3, 2, 0], "inflate": 0.01, "pivot": [0, 0.02664, -1.61009], "rotation": [0, -45, 0], "uv": [42, 33]},
						{"origin": [-1.65, 36.77664, -4.46009], "size": [3, 2, 0], "inflate": 0.01, "pivot": [0, 0.02664, -1.61009], "rotation": [0, 45, 0], "uv": [42, 33], "mirror": true},
						{"origin": [-0.25, 35.77664, -4.46009], "size": [1, 3, 0], "inflate": 0.02, "pivot": [0, 0.02664, -1.61009], "rotation": [0, 45, 0], "uv": [0, 6], "mirror": true},
						{"origin": [-0.75, 35.77664, -4.46009], "size": [1, 3, 0], "inflate": 0.02, "pivot": [0, 0.02664, -1.61009], "rotation": [0, -45, 0], "uv": [0, 6]},
						{"origin": [0.25, 37.02664, -4.46009], "size": [1, 2, 0], "inflate": 0.021, "pivot": [0, 0.02664, -1.61009], "rotation": [0, 45, 0], "uv": [14, 22], "mirror": true},
						{"origin": [-1.25, 37.02664, -4.46009], "size": [1, 2, 0], "inflate": 0.021, "pivot": [0, 0.02664, -1.61009], "rotation": [0, -45, 0], "uv": [14, 22]}
					]
				},
				{
					"name": "bone16",
					"parent": "bone11",
					"pivot": [1, 0.02664, 0.38991]
				},
				{
					"name": "bone19",
					"parent": "bone16",
					"pivot": [1, 0.02664, 0.38991],
					"cubes": [
						{"origin": [2.4, 36.77664, 7.38991], "size": [2, 2, 5], "pivot": [-1, 0.02664, 0.38991], "rotation": [15, 45, 0], "uv": [54, 0]},
						{"origin": [-4.4, 36.77664, 7.38991], "size": [2, 2, 5], "pivot": [1, 0.02664, 0.38991], "rotation": [15, -45, 0], "uv": [54, 0], "mirror": true}
					]
				},
				{
					"name": "bone17",
					"parent": "bone11",
					"pivot": [0, 0.02664, -1.61009],
					"rotation": [-5, 0, 0],
					"cubes": [
						{"origin": [-2.5, 33.77664, -8.11009], "size": [5, 3, 9], "inflate": 0.01, "pivot": [0, 0.02664, -1.61009], "rotation": [5, 0, 0], "uv": [60, 0]},
						{"origin": [-2.5, 29.77664, 14.88991], "size": [5, 3, 3], "pivot": [0, 0.02664, -1.61009], "rotation": [45, 0, 0], "uv": [84, 17]},
						{"origin": [2.25, 26.77664, 18.38991], "size": [0, 1, 1], "pivot": [0, 0.02664, -1.61009], "rotation": [50, 0, 0], "uv": [14, 23]},
						{"origin": [-2.25, 26.77664, 18.38991], "size": [0, 1, 1], "pivot": [0, 0.02664, -1.61009], "rotation": [50, 0, 0], "uv": [14, 23], "mirror": true}
					]
				},
				{
					"name": "jaw",
					"parent": "bone17",
					"pivot": [0, 33.02664, -4.61009],
					"cubes": [
						{"origin": [-2, 33.02664, -8.81009], "size": [4, 1, 7], "inflate": 0.01, "pivot": [0, 9.02664, -2.61009], "rotation": [5, 0, 0], "uv": [39, 0]},
						{"origin": [1.5, 29.12664, 11.58991], "size": [0, 1, 1], "inflate": 0.01, "pivot": [0, 9.02664, -2.61009], "rotation": [50, 0, 0], "uv": [14, 24]},
						{"origin": [-1.5, 29.12664, 11.58991], "size": [0, 1, 1], "inflate": 0.01, "pivot": [0, 9.02664, -2.61009], "rotation": [50, 0, 0], "uv": [14, 24]}
					]
				},
				{
					"name": "fire5",
					"parent": "jaw",
					"pivot": [-2, 34.02664, -5.61009],
					"rotation": [-77.5, -45, 0],
					"cubes": [
						{"origin": [-3.5, 35.52664, -6.61009], "size": [2, 3, 2], "uv": [31, 76], "mirror": true},
						{"origin": [-8, 37.02664, -7.11009], "size": [3, 3, 3], "pivot": [-2, 29.02664, -43.61009], "rotation": [0, 0, 25], "uv": [28, 85], "mirror": true},
						{"origin": [-10, 42.02664, -7.11009], "size": [3, 3, 3], "pivot": [-2, 29.02664, -43.61009], "rotation": [0, 0, 37.5], "uv": [28, 85], "mirror": true},
						{"origin": [-10.5, 44.02664, -6.61009], "size": [2, 3, 2], "pivot": [-2, 29.02664, -43.61009], "rotation": [0, 0, 42.5], "uv": [31, 76], "mirror": true},
						{"origin": [-10, 38.52664, -7.61009], "size": [4, 4, 4], "pivot": [-2, 29.02664, -43.61009], "rotation": [0, 0, 35], "uv": [79, 0], "mirror": true},
						{"origin": [-8, 38.52664, -9.61009], "size": [0, 12, 7], "pivot": [-2, 29.02664, -43.61009], "rotation": [0, 0, 35], "uv": [0, 15], "mirror": true},
						{"origin": [-3, 35.52664, -8.61009], "size": [0, 6, 6], "pivot": [-2, 29.02664, -43.61009], "rotation": [0, 0, 7.5], "uv": [30, 25]}
					]
				},
				{
					"name": "fire6",
					"parent": "fire5",
					"pivot": [-2, 39.02664, -5.61009],
					"cubes": [
						{"origin": [-3, 32.52664, -5.86009], "size": [2, 3, 1], "uv": [30, 22], "mirror": true}
					]
				},
				{
					"name": "fire3",
					"parent": "jaw",
					"pivot": [2, 34.02664, -5.61009],
					"rotation": [-77.5, 45, 0],
					"cubes": [
						{"origin": [1.5, 35.52664, -6.61009], "size": [2, 3, 2], "uv": [31, 76]},
						{"origin": [5, 37.02664, -7.11009], "size": [3, 3, 3], "pivot": [2, 29.02664, -43.61009], "rotation": [0, 0, -25], "uv": [28, 85]},
						{"origin": [7, 42.02664, -7.11009], "size": [3, 3, 3], "pivot": [2, 29.02664, -43.61009], "rotation": [0, 0, -37.5], "uv": [28, 85]},
						{"origin": [8.5, 44.02664, -6.61009], "size": [2, 3, 2], "pivot": [2, 29.02664, -43.61009], "rotation": [0, 0, -42.5], "uv": [31, 76]},
						{"origin": [6, 38.52664, -7.61009], "size": [4, 4, 4], "pivot": [2, 29.02664, -43.61009], "rotation": [0, 0, -35], "uv": [79, 0]},
						{"origin": [8, 38.52664, -9.61009], "size": [0, 12, 7], "pivot": [2, 29.02664, -43.61009], "rotation": [0, 0, -35], "uv": [0, 15]},
						{"origin": [3, 35.52664, -8.61009], "size": [0, 6, 6], "pivot": [2, 29.02664, -43.61009], "rotation": [0, 0, -7.5], "uv": [30, 25], "mirror": true}
					]
				},
				{
					"name": "fire4",
					"parent": "fire3",
					"pivot": [2, 39.02664, -5.61009],
					"cubes": [
						{"origin": [1, 32.52664, -5.86009], "size": [2, 3, 1], "uv": [30, 22]}
					]
				},
				{
					"name": "bone7",
					"parent": "head",
					"pivot": [0, 1.02664, 7.38991],
					"rotation": [15, 0, 0],
					"cubes": [
						{"origin": [-3, 37.02664, 16.88991], "size": [3, 3, 7], "pivot": [0, 1.02664, 7.38991], "rotation": [15.50409, 14.47751, 3.96713], "uv": [73, 45], "mirror": true},
						{"origin": [-2.5, 32.52664, 31.88991], "size": [2, 2, 3], "pivot": [0, 1.02664, 7.38991], "rotation": [30.50409, 14.47751, 3.96713], "uv": [0, 6]},
						{"origin": [-1.5, 32.52664, 34.88991], "size": [0, 2, 4], "pivot": [0, 1.02664, 7.38991], "rotation": [30.50409, 14.47751, 3.96713], "uv": [39, 4], "mirror": true}
					]
				},
				{
					"name": "bone25",
					"parent": "head",
					"pivot": [0, 1.02664, 7.38991],
					"rotation": [15, 0, 0],
					"cubes": [
						{"origin": [0, 37.02664, 16.88991], "size": [3, 3, 7], "pivot": [0, 1.02664, 7.38991], "rotation": [15.50409, -14.47751, -3.96713], "uv": [73, 45]},
						{"origin": [0.5, 32.52664, 31.88991], "size": [2, 2, 3], "pivot": [0, 1.02664, 7.38991], "rotation": [30.50409, -14.47751, -3.96713], "uv": [0, 6], "mirror": true},
						{"origin": [1.5, 32.52664, 34.88991], "size": [0, 2, 4], "pivot": [0, 1.02664, 7.38991], "rotation": [30.50409, -14.47751, -3.96713], "uv": [39, 4]}
					]
				},
				{
					"name": "tail",
					"parent": "torso",
					"pivot": [0, 7.02664, 6.38991],
					"cubes": [
						{"origin": [-3.5, 6.02664, -1.61009], "size": [7, 7, 16], "pivot": [0, 0.02664, -0.61009], "rotation": [-15, 0, 0], "uv": [0, 22]}
					]
				},
				{
					"name": "tail2",
					"parent": "tail",
					"pivot": [0, 5.02664, 15.38991],
					"cubes": [
						{"origin": [-2.5, 4.02664, 13.38991], "size": [5, 5, 14], "pivot": [0, 0.02664, -0.61009], "rotation": [-5, 0, 0], "uv": [36, 8]}
					]
				},
				{
					"name": "tail3",
					"parent": "tail2",
					"pivot": [0, 4.02664, 27.38991],
					"cubes": [
						{"origin": [-1.5, 2.52664, 25.38991], "size": [3, 3, 14], "uv": [0, 45]}
					]
				},
				{
					"name": "fire",
					"parent": "tail3",
					"pivot": [0, 5.02664, 37.38991],
					"cubes": [
						{"origin": [-2, 5.52664, 35.88991], "size": [4, 5, 4], "uv": [76, 55]},
						{"origin": [-3.5, 5.52664, 37.88991], "size": [7, 12, 0], "uv": [0, 45]},
						{"origin": [35, 5.52664, -0.61009], "size": [7, 12, 0], "pivot": [0, 0.02664, -0.61009], "rotation": [0, -90, 0], "uv": [0, 45]}
					]
				},
				{
					"name": "fire2",
					"parent": "fire",
					"pivot": [0, 10.02664, 37.38991],
					"cubes": [
						{"origin": [-1, 8.52664, 36.88991], "size": [2, 5, 2], "uv": [86, 75]}
					]
				},
				{
					"name": "leg_left",
					"parent": "body",
					"pivot": [6, 10, 2],
					"rotation": [0, -30, 0],
					"cubes": [
						{"origin": [4.26795, 5.25, -6.08013], "size": [6, 8, 8], "pivot": [1.76795, 0, -1.33013], "rotation": [-30, 0, 0], "uv": [56, 59], "mirror": true}
					]
				},
				{
					"name": "leg_left2",
					"parent": "leg_left",
					"pivot": [1.76795, 0, -1.33013],
					"cubes": [
						{"origin": [4.76795, 0.1, -0.98013], "size": [5, 7, 6], "pivot": [1.76795, 0, -1.33013], "rotation": [15, 0, 0], "uv": [20, 46], "mirror": true}
					]
				},
				{
					"name": "foot_left",
					"parent": "leg_left2",
					"pivot": [7.76795, 2, 1.66987],
					"cubes": [
						{"origin": [4.76795, 0, -2.33013], "size": [5, 2, 7], "inflate": 0.01, "uv": [60, 12], "mirror": true}
					]
				},
				{
					"name": "bone38",
					"parent": "foot_left",
					"pivot": [1.76795, 0, -1.33013],
					"cubes": [
						{"origin": [7.86795, 0, -6.13013], "size": [2, 2, 4], "pivot": [1.76795, 0, -1.33013], "rotation": [0.00002, -15, -0.00003], "uv": [40, 86], "mirror": true},
						{"origin": [8.86795, 0, -8.13013], "size": [0, 2, 2], "pivot": [1.76795, 0, -1.33013], "rotation": [0.00002, -15, -0.00003], "uv": [39, 2], "mirror": true}
					]
				},
				{
					"name": "bone39",
					"parent": "foot_left",
					"pivot": [1.76795, 0, -1.33013],
					"cubes": [
						{"origin": [6.26795, 0, -4.83013], "size": [2, 2, 3], "uv": [86, 45], "mirror": true},
						{"origin": [7.26795, 0, -6.83013], "size": [0, 2, 2], "uv": [39, 0], "mirror": true}
					]
				},
				{
					"name": "bone40",
					"parent": "foot_left",
					"pivot": [1.76795, 0, -1.33013],
					"cubes": [
						{"origin": [5.26795, 0, -5.13013], "size": [0, 2, 2], "pivot": [1.76795, 0, -1.33013], "rotation": [0.00002, 15, 0.00003], "uv": [12, 34], "mirror": true},
						{"origin": [4.26795, 0, -3.13013], "size": [2, 2, 4], "pivot": [1.76795, 0, -1.33013], "rotation": [0.00002, 15, 0.00003], "uv": [86, 30], "mirror": true}
					]
				},
				{
					"name": "leg_right",
					"parent": "body",
					"pivot": [-6, 10, 3],
					"rotation": [0, 30, 0],
					"cubes": [
						{"origin": [-9.76795, 5.25, -5.94615], "size": [6, 8, 8], "pivot": [-1.26795, 0, -1.19615], "rotation": [-30, 0, 0], "uv": [56, 59]}
					]
				},
				{
					"name": "leg_right2",
					"parent": "leg_right",
					"pivot": [-6.26795, 6, 0.80385],
					"cubes": [
						{"origin": [-9.26795, 0.1, -0.84615], "size": [5, 7, 6], "pivot": [-1.26795, 0, -1.19615], "rotation": [15, 0, 0], "uv": [20, 46]}
					]
				},
				{
					"name": "foot_right",
					"parent": "leg_right2",
					"pivot": [-7.26795, 1, 2.80385],
					"cubes": [
						{"origin": [-9.26795, 0, -2.19615], "size": [5, 2, 7], "inflate": 0.01, "uv": [60, 12]}
					]
				},
				{
					"name": "bone33",
					"parent": "foot_right",
					"pivot": [-1.26795, 0, -1.19615],
					"cubes": [
						{"origin": [-9.36795, 0, -5.99615], "size": [2, 2, 4], "pivot": [-1.26795, 0, -1.19615], "rotation": [0.00002, 15, 0.00003], "uv": [40, 86]},
						{"origin": [-8.36795, 0, -7.99615], "size": [0, 2, 2], "pivot": [-1.26795, 0, -1.19615], "rotation": [0.00002, 15, 0.00003], "uv": [39, 2]}
					]
				},
				{
					"name": "bone34",
					"parent": "foot_right",
					"pivot": [-1.26795, 0, -1.19615],
					"cubes": [
						{"origin": [-7.76795, 0, -4.69615], "size": [2, 2, 3], "uv": [86, 45]},
						{"origin": [-6.76795, 0, -6.69615], "size": [0, 2, 2], "uv": [39, 0]}
					]
				},
				{
					"name": "bone35",
					"parent": "foot_right",
					"pivot": [-1.26795, 0, -1.19615],
					"cubes": [
						{"origin": [-4.76795, 0, -4.99615], "size": [0, 2, 2], "pivot": [-1.26795, 0, -1.19615], "rotation": [0.00002, -15, -0.00003], "uv": [12, 34]},
						{"origin": [-5.76795, 0, -2.99615], "size": [2, 2, 4], "pivot": [-1.26795, 0, -1.19615], "rotation": [0.00002, -15, -0.00003], "uv": [86, 30]}
					]
				}
			]
		}
	]
}