{
	"format_version": "1.12.0",
	"minecraft:geometry": [
		{
			"description": {
				"identifier": "geometry.unknown",
				"texture_width": 128,
				"texture_height": 128,
				"visible_bounds_width": 7,
				"visible_bounds_height": 4.5,
				"visible_bounds_offset": [0, 1.75, 0]
			},
			"bones": [
				{
					"name": "charizard",
					"pivot": [0, 0, 0]
				},
				{
					"name": "body",
					"parent": "charizard",
					"pivot": [0, 0, 0]
				},
				{
					"name": "torso",
					"parent": "body",
					"pivot": [0, 6, 0],
					"cubes": [
						{"origin": [-6, 6, -3], "size": [12, 11, 11], "uv": [1, 0]}
					]
				},
				{
					"name": "chest",
					"parent": "torso",
					"pivot": [0, 16, 0],
					"cubes": [
						{"origin": [-5, 17, -2.5], "size": [10, 7, 10], "uv": [51, 0]}
					]
				},
				{
					"name": "wing_left",
					"parent": "chest",
					"pivot": [5, 23, 6],
					"rotation": [0, -30, 0],
					"cubes": [
						{"origin": [16.56603, 13.9, 4.93782], "size": [8, 2, 2], "pivot": [2.36603, 2, -0.56218], "rotation": [0, 0, -45], "uv": [58, 41]}
					]
				},
				{
					"name": "bone24",
					"parent": "wing_left",
					"pivot": [8.36603, 27, 6.43782],
					"cubes": [
						{"origin": [14.56603, 22.9, 4.93782], "size": [8, 2, 2], "pivot": [2.36603, 2, -0.56218], "rotation": [0, 0, -15], "uv": [58, 41]}
					]
				},
				{
					"name": "bone25",
					"parent": "bone24",
					"pivot": [10, 26, 6],
					"cubes": [
						{"origin": [6.86603, 18, 5.93782], "size": [6, 12, 0], "uv": [88, 22]}
					]
				},
				{
					"name": "wing_left2",
					"parent": "wing_left",
					"pivot": [15.36603, 28, 6.43782],
					"cubes": [
						{"origin": [12.86603, 16, 5.93782], "size": [8, 23, 0], "uv": [0, 66]},
						{"origin": [31.36603, 2.5, 4.93782], "size": [10, 2, 2], "pivot": [2.36603, 2, -0.56218], "rotation": [0, 0, -60], "uv": [58, 37]}
					]
				},
				{
					"name": "wing_left3",
					"parent": "wing_left2",
					"pivot": [20.75, 34, 5.9378],
					"rotation": [0, 0, -15],
					"cubes": [
						{"origin": [-32.38691, 29.70445, 4.93782], "size": [7, 2, 2], "inflate": 0.01, "pivot": [0.81312, 2.20445, -0.56218], "rotation": [0, 0, 75], "uv": [36, 71]},
						{"origin": [-28.38691, 37.20445, 5.93782], "size": [5, 2, 0], "inflate": 0.01, "pivot": [0.81312, 2.20445, -0.56218], "rotation": [0, 0, 60], "uv": [78, 106], "mirror": true},
						{"origin": [11.22653, 37.88181, 5.43782], "size": [12, 2, 1], "pivot": [4.47653, -2.11819, -0.56218], "rotation": [0, 0, 15], "uv": [44, 59]},
						{"origin": [10.77653, 14.13181, 5.93782], "size": [25, 25, 0], "pivot": [0.47653, -2.11819, -0.56218], "rotation": [0, 0, 15], "uv": [13, 100]}
					]
				},
				{
					"name": "bone21",
					"parent": "wing_left3",
					"pivot": [18.47653, -14.11819, -0.56218],
					"rotation": [0, 0, -15],
					"cubes": [
						{"origin": [0.52945, 30.42737, 5.43782], "size": [11, 1, 1], "inflate": -0.01, "pivot": [20.02945, -8.32263, -0.56218], "rotation": [0, 0, 60], "uv": [68, 72]}
					]
				},
				{
					"name": "bone22",
					"parent": "bone21",
					"pivot": [20.02945, -8.32263, -0.56218],
					"cubes": [
						{"origin": [-4.47055, 23.07737, 5.43782], "size": [8, 1, 1], "pivot": [20.02945, -8.32263, -0.56218], "rotation": [0, 0, 85], "uv": [58, 45]}
					]
				},
				{
					"name": "wing_right",
					"parent": "chest",
					"pivot": [-5, 23, 6],
					"rotation": [0, 30, 0],
					"cubes": [
						{"origin": [-24.56603, 13.9, 4.93782], "size": [8, 2, 2], "pivot": [-2.36603, 2, -0.56218], "rotation": [0, 0, 45], "uv": [58, 41], "mirror": true}
					]
				},
				{
					"name": "bone2",
					"parent": "wing_right",
					"pivot": [-8.36603, 27, 6.43782],
					"cubes": [
						{"origin": [-22.56603, 22.9, 4.93782], "size": [8, 2, 2], "pivot": [-2.36603, 2, -0.56218], "rotation": [0, 0, 15], "uv": [58, 41], "mirror": true}
					]
				},
				{
					"name": "bone3",
					"parent": "bone2",
					"pivot": [-10, 26, 6],
					"cubes": [
						{"origin": [-12.86603, 18, 5.93782], "size": [6, 12, 0], "uv": [88, 22], "mirror": true}
					]
				},
				{
					"name": "wing_right2",
					"parent": "wing_right",
					"pivot": [-15.36603, 28, 6.43782],
					"cubes": [
						{"origin": [-20.86603, 16, 5.93782], "size": [8, 23, 0], "uv": [0, 66], "mirror": true},
						{"origin": [-41.36603, 2.5, 4.93782], "size": [10, 2, 2], "pivot": [-2.36603, 2, -0.56218], "rotation": [0, 0, 60], "uv": [58, 37], "mirror": true}
					]
				},
				{
					"name": "wing_right3",
					"parent": "wing_right2",
					"pivot": [-20.75, 34, 5.9378],
					"rotation": [0, 0, 15],
					"cubes": [
						{"origin": [25.38691, 29.70445, 4.93782], "size": [7, 2, 2], "inflate": 0.01, "pivot": [-0.81312, 2.20445, -0.56218], "rotation": [0, 0, -75], "uv": [36, 71], "mirror": true},
						{"origin": [23.38691, 37.20445, 5.93782], "size": [5, 2, 0], "inflate": 0.01, "pivot": [-0.81312, 2.20445, -0.56218], "rotation": [0, 0, -60], "uv": [78, 106]},
						{"origin": [-23.22653, 37.88181, 5.43782], "size": [12, 2, 1], "pivot": [-4.47653, -2.11819, -0.56218], "rotation": [0, 0, -15], "uv": [44, 59], "mirror": true},
						{"origin": [-35.77653, 14.13181, 5.93782], "size": [25, 25, 0], "pivot": [-0.47653, -2.11819, -0.56218], "rotation": [0, 0, -15], "uv": [13, 100], "mirror": true}
					]
				},
				{
					"name": "bone26",
					"parent": "wing_right3",
					"pivot": [-18.47653, -14.11819, -0.56218],
					"rotation": [0, 0, 15],
					"cubes": [
						{"origin": [-11.52945, 30.42737, 5.43782], "size": [11, 1, 1], "inflate": -0.01, "pivot": [-20.02945, -8.32263, -0.56218], "rotation": [0, 0, -60], "uv": [68, 72], "mirror": true}
					]
				},
				{
					"name": "bone27",
					"parent": "bone26",
					"pivot": [-20.02945, -8.32263, -0.56218],
					"cubes": [
						{"origin": [-3.52945, 23.07737, 5.43782], "size": [8, 1, 1], "pivot": [-20.02945, -8.32263, -0.56218], "rotation": [0, 0, -85], "uv": [58, 45], "mirror": true}
					]
				},
				{
					"name": "shoulder_right",
					"parent": "chest",
					"pivot": [-4, 22, 2],
					"cubes": [
						{"origin": [-7, 20.5, -0.5], "size": [4, 4, 5], "uv": [84, 0], "mirror": true}
					]
				},
				{
					"name": "arm_right",
					"parent": "shoulder_right",
					"pivot": [-7, 22, 2],
					"cubes": [
						{"origin": [-12, 21.5, 0.5], "size": [6, 2, 3], "uv": [44, 54], "mirror": true}
					]
				},
				{
					"name": "forearm_right",
					"parent": "arm_right",
					"pivot": [-12, 22, 2],
					"cubes": [
						{"origin": [-18, 21.5, 0.5], "size": [6, 2, 3], "inflate": -0.01, "uv": [78, 54], "mirror": true}
					]
				},
				{
					"name": "hand_right",
					"parent": "forearm_right",
					"pivot": [-17, 22, 2],
					"cubes": [
						{"origin": [-21.5, 21.5, 0], "size": [4, 2, 4], "inflate": 0.01, "uv": [87, 74], "mirror": true},
						{"origin": [-15.5, 22.5, 11], "size": [12, 0, 9], "inflate": 0.01, "pivot": [4, 0, -1], "rotation": [0, -30, 0], "uv": [93, 119], "mirror": true}
					]
				},
				{
					"name": "finger_pointer_right",
					"parent": "hand_right",
					"pivot": [-21, 22, 1],
					"cubes": [
						{"origin": [-23, 21.5, 0.5], "size": [2, 1, 1], "inflate": 0.2, "uv": [42, 75], "mirror": true}
					]
				},
				{
					"name": "finger_pointer_right2",
					"parent": "finger_pointer_right",
					"pivot": [-23.5, 22.5, 1],
					"cubes": [
						{"origin": [-25.5, 21.5, 1], "size": [3, 1, 0], "uv": [28, 66], "mirror": true},
						{"origin": [-24.25, 21.5, 0.5], "size": [1, 1, 1], "inflate": 0.21, "uv": [44, 75], "mirror": true}
					]
				},
				{
					"name": "ringer_middle_right",
					"parent": "hand_right",
					"pivot": [-21, 23, 2],
					"cubes": [
						{"origin": [-23, 22.5, 1.5], "size": [2, 1, 1], "inflate": 0.2, "uv": [42, 75], "mirror": true}
					]
				},
				{
					"name": "ringer_middle_right2",
					"parent": "ringer_middle_right",
					"pivot": [-23.5, 23.5, 2],
					"cubes": [
						{"origin": [-25.5, 22.5, 2], "size": [3, 1, 0], "uv": [28, 66], "mirror": true},
						{"origin": [-24.25, 22.5, 1.5], "size": [1, 1, 1], "inflate": 0.21, "uv": [44, 75], "mirror": true}
					]
				},
				{
					"name": "finger_ring_right",
					"parent": "hand_right",
					"pivot": [-21, 22, 3],
					"cubes": [
						{"origin": [-23, 21.5, 2.5], "size": [2, 1, 1], "inflate": 0.2, "uv": [42, 75], "mirror": true}
					]
				},
				{
					"name": "finger_ring_right2",
					"parent": "finger_ring_right",
					"pivot": [-23.5, 22.5, 3],
					"cubes": [
						{"origin": [-25.5, 21.5, 3], "size": [2, 1, 0], "uv": [28, 66], "mirror": true},
						{"origin": [-24.25, 21.5, 2.5], "size": [1, 1, 1], "inflate": 0.21, "uv": [44, 75], "mirror": true}
					]
				},
				{
					"name": "shoulder_left",
					"parent": "chest",
					"pivot": [4, 22, 2],
					"cubes": [
						{"origin": [3, 20.5, -0.5], "size": [4, 4, 5], "uv": [84, 0]}
					]
				},
				{
					"name": "arm_left",
					"parent": "shoulder_left",
					"pivot": [7, 22, 2],
					"cubes": [
						{"origin": [6, 21.5, 0.5], "size": [6, 2, 3], "uv": [44, 54]}
					]
				},
				{
					"name": "forearm_left",
					"parent": "arm_left",
					"pivot": [12, 22, 2],
					"cubes": [
						{"origin": [12, 21.5, 0.5], "size": [6, 2, 3], "inflate": -0.01, "uv": [78, 54]}
					]
				},
				{
					"name": "hand_left",
					"parent": "forearm_left",
					"pivot": [17, 22, 2],
					"cubes": [
						{"origin": [17.5, 21.5, 0], "size": [4, 2, 4], "inflate": 0.01, "uv": [87, 74]},
						{"origin": [3.5, 22.5, 11], "size": [12, 0, 9], "inflate": 0.01, "pivot": [-4, 0, -1], "rotation": [0, 30, 0], "uv": [93, 119]}
					]
				},
				{
					"name": "finger_pointer_left",
					"parent": "hand_left",
					"pivot": [21, 22, 1],
					"cubes": [
						{"origin": [21, 21.5, 0.5], "size": [2, 1, 1], "inflate": 0.2, "uv": [42, 75]}
					]
				},
				{
					"name": "finger_pointer_left2",
					"parent": "finger_pointer_left",
					"pivot": [23.5, 22.5, 1],
					"cubes": [
						{"origin": [22.5, 21.5, 1], "size": [3, 1, 0], "uv": [28, 66]},
						{"origin": [23.25, 21.5, 0.5], "size": [1, 1, 1], "inflate": 0.21, "uv": [44, 75]}
					]
				},
				{
					"name": "finger_middle_left",
					"parent": "hand_left",
					"pivot": [21, 23, 2],
					"cubes": [
						{"origin": [21, 22.5, 1.5], "size": [2, 1, 1], "inflate": 0.2, "uv": [42, 75]}
					]
				},
				{
					"name": "finger_middle_left2",
					"parent": "finger_middle_left",
					"pivot": [23.5, 23.5, 2],
					"cubes": [
						{"origin": [22.5, 22.5, 2], "size": [3, 1, 0], "uv": [28, 66]},
						{"origin": [23.25, 22.5, 1.5], "size": [1, 1, 1], "inflate": 0.21, "uv": [44, 75]}
					]
				},
				{
					"name": "finger_ring_left",
					"parent": "hand_left",
					"pivot": [21, 22, 3],
					"cubes": [
						{"origin": [21, 21.5, 2.5], "size": [2, 1, 1], "inflate": 0.2, "uv": [42, 75]}
					]
				},
				{
					"name": "finger_ring_left2",
					"parent": "finger_ring_left",
					"pivot": [23.5, 22.5, 3],
					"cubes": [
						{"origin": [23.5, 21.5, 3], "size": [2, 1, 0], "uv": [28, 66]},
						{"origin": [23.25, 21.5, 2.5], "size": [1, 1, 1], "inflate": 0.21, "uv": [44, 75]}
					]
				},
				{
					"name": "neck1",
					"parent": "chest",
					"pivot": [0, 25, 2],
					"rotation": [15, 0, 0],
					"cubes": [
						{"origin": [-2.5, 23, -1], "size": [5, 8, 6], "uv": [20, 71]}
					]
				},
				{
					"name": "neck2",
					"parent": "neck1",
					"pivot": [0, 30, 2],
					"rotation": [15, 0, 0],
					"cubes": [
						{"origin": [-2.5, 30, -0.9], "size": [5, 7, 6], "inflate": 0.01, "uv": [71, 75]}
					]
				},
				{
					"name": "head",
					"parent": "neck2",
					"pivot": [0, 34, 0],
					"rotation": [-30, 0, 0],
					"cubes": [
						{"origin": [-3.5, 33, -1.5], "size": [7, 7, 8], "inflate": 0.01, "pivot": [0, 0, -2], "rotation": [5, 0, 0], "uv": [58, 22]}
					]
				},
				{
					"name": "bone11",
					"parent": "head",
					"pivot": [0, 0, -1],
					"rotation": [5, 0, 0],
					"cubes": [
						{"origin": [-2.85, 34.1, -3.85], "size": [5, 6, 5], "pivot": [0, 0, -1], "rotation": [0, -45, 0], "uv": [37, 82]},
						{"origin": [-1.35, 36.75, -3.85], "size": [3, 2, 0], "inflate": 0.01, "pivot": [0, 0, -1], "rotation": [0, -45, 0], "uv": [39, 0]},
						{"origin": [-1.65, 36.75, -3.85], "size": [3, 2, 0], "inflate": 0.01, "pivot": [0, 0, -1], "rotation": [0, 45, 0], "uv": [39, 0], "mirror": true},
						{"origin": [-1.1, 36.75, -3.85], "size": [1, 2, 0], "inflate": 0.02, "pivot": [0, 0, -1], "rotation": [0, -45, 0], "uv": [0, 0]},
						{"origin": [0, 36.75, -3.85], "size": [1, 2, 0], "inflate": 0.02, "pivot": [0, 0, -1], "rotation": [0, 45, 0], "uv": [0, 0], "mirror": true},
						{"origin": [0.25, 37, -3.85], "size": [1, 2, 0], "inflate": 0.021, "pivot": [0, 0, -1], "rotation": [0, 45, 0], "uv": [9, 0], "mirror": true},
						{"origin": [-1.25, 37, -3.85], "size": [1, 2, 0], "inflate": 0.021, "pivot": [0, 0, -1], "rotation": [0, -45, 0], "uv": [9, 0]}
					]
				},
				{
					"name": "eyelid_left",
					"parent": "bone11",
					"pivot": [-1, 0, 0],
					"cubes": [
						{"origin": [-2.35, 36.75, -2.85], "size": [3, 2, 1], "inflate": 0.03, "pivot": [-1, 0, 0], "rotation": [0, -45, 0], "uv": [26, 12]}
					]
				},
				{
					"name": "eyelid_right",
					"parent": "bone11",
					"pivot": [1, 0, 0],
					"cubes": [
						{"origin": [-0.65, 36.75, -2.85], "size": [3, 2, 1], "inflate": 0.03, "pivot": [1, 0, 0], "rotation": [0, 45, 0], "uv": [26, 12], "mirror": true}
					]
				},
				{
					"name": "bone16",
					"parent": "bone11",
					"pivot": [1, 0, 1]
				},
				{
					"name": "bone19",
					"parent": "bone16",
					"pivot": [1, 0, 1],
					"cubes": [
						{"origin": [2.4, 36.75, 8], "size": [2, 2, 5], "pivot": [-1, 0, 1], "rotation": [15, 45, 0], "uv": [24, 54]},
						{"origin": [-4.4, 36.75, 8], "size": [2, 2, 5], "pivot": [1, 0, 1], "rotation": [15, -45, 0], "uv": [24, 54], "mirror": true}
					]
				},
				{
					"name": "bone17",
					"parent": "bone11",
					"pivot": [0, 0, -1],
					"rotation": [-5, 0, 0],
					"cubes": [
						{"origin": [-2.5, 33.75, -7.5], "size": [5, 3, 9], "inflate": 0.01, "pivot": [0, 0, -1], "rotation": [5, 0, 0], "uv": [49, 70]},
						{"origin": [-2.5, 29.75, 15.5], "size": [5, 3, 3], "pivot": [0, 0, -1], "rotation": [45, 0, 0], "uv": [72, 88]},
						{"origin": [2.25, 26.75, 19], "size": [0, 1, 1], "pivot": [0, 0, -1], "rotation": [50, 0, 0], "uv": [39, 1]},
						{"origin": [-2.25, 26.75, 19], "size": [0, 1, 1], "pivot": [0, 0, -1], "rotation": [50, 0, 0], "uv": [39, 1], "mirror": true}
					]
				},
				{
					"name": "jaw",
					"parent": "bone17",
					"pivot": [0, 33, -4],
					"cubes": [
						{"origin": [-2, 33, -8.2], "size": [4, 1, 7], "inflate": 0.01, "pivot": [0, 9, -2], "rotation": [5, 0, 0], "uv": [44, 22]},
						{"origin": [1.5, 29.1, 12.2], "size": [0, 1, 1], "inflate": 0.01, "pivot": [0, 9, -2], "rotation": [50, 0, 0], "uv": [0, 1]},
						{"origin": [-1.5, 29.1, 12.2], "size": [0, 1, 1], "inflate": 0.01, "pivot": [0, 9, -2], "rotation": [50, 0, 0], "uv": [0, 1]}
					]
				},
				{
					"name": "bone30",
					"parent": "head",
					"pivot": [0, 0, 7],
					"rotation": [15, 0, 0],
					"cubes": [
						{"origin": [-3, 36, 16.5], "size": [3, 3, 7], "pivot": [0, 0, 7], "rotation": [15.50409, 14.47751, 3.96713], "uv": [39, 0], "mirror": true},
						{"origin": [-2.5, 38, 17.5], "size": [2, 2, 7], "pivot": [0, 0, 7], "rotation": [10.50409, 14.47751, 3.96713], "uv": [57, 82], "mirror": true}
					]
				},
				{
					"name": "bone5",
					"parent": "head",
					"pivot": [0, 0, 7],
					"rotation": [15, 0, 0],
					"cubes": [
						{"origin": [0, 36, 16.5], "size": [3, 3, 7], "pivot": [0, 0, 7], "rotation": [15.50409, -14.47751, -3.96713], "uv": [39, 0]},
						{"origin": [0.5, 38, 17.5], "size": [2, 2, 7], "pivot": [0, 0, 7], "rotation": [10.50409, -14.47751, -3.96713], "uv": [57, 82]},
						{"origin": [1.5, 38, 21.5], "size": [0, 2, 7], "pivot": [0, 0, 7], "rotation": [10.50409, -14.47751, -3.96713], "uv": [69, 99], "mirror": true},
						{"origin": [-1.5, 38, 21.5], "size": [0, 2, 7], "pivot": [0, 0, 7], "rotation": [10.50409, 14.47751, 3.96713], "uv": [69, 99], "mirror": true}
					]
				},
				{
					"name": "bone6",
					"parent": "head",
					"pivot": [-2, 5, 18],
					"rotation": [30, 0, 0],
					"cubes": [
						{"origin": [-1.5, 41, 27.5], "size": [3, 3, 7], "pivot": [-2, 5, 18], "rotation": [15, 0, 0], "uv": [39, 0]},
						{"origin": [0, 43, 30.5], "size": [2, 2, 7], "pivot": [-2, 5, 18], "rotation": [10.16706, 0.28186, -1.26264], "uv": [57, 82]},
						{"origin": [1, 43, 34.5], "size": [0, 2, 7], "pivot": [-2, 5, 18], "rotation": [10.16706, 0.28186, -1.26264], "uv": [69, 99], "mirror": true}
					]
				},
				{
					"name": "tail",
					"parent": "torso",
					"pivot": [0, 7, 7],
					"cubes": [
						{"origin": [-3.5, 6, 0], "size": [7, 7, 16], "pivot": [0, 0, 0], "rotation": [-15, 0, 0], "uv": [28, 31]},
						{"origin": [0, 13, 7], "size": [0, 8, 7], "pivot": [0, 0, 0], "rotation": [-15, 0, 0], "uv": [114, 17]}
					]
				},
				{
					"name": "tail2",
					"parent": "tail",
					"pivot": [0, 5, 16],
					"cubes": [
						{"origin": [-2.5, 4, 16], "size": [5, 5, 14], "pivot": [0, 0, 0], "rotation": [-5, 0, 0], "uv": [0, 47]},
						{"origin": [0, -7.25, 26], "size": [0, 2, 9], "pivot": [0, 0, 0], "rotation": [25, 0, 0], "uv": [65, 97]},
						{"origin": [0, -6.75, 28], "size": [0, 2, 9], "pivot": [0, 0, 0], "rotation": [20, 0, 0], "uv": [65, 97]},
						{"origin": [0, -10, 22], "size": [0, 2, 9], "pivot": [0, 0, 0], "rotation": [35, 0, 0], "uv": [65, 97]}
					]
				},
				{
					"name": "tail3",
					"parent": "tail2",
					"pivot": [0, 4, 28],
					"cubes": [
						{"origin": [-1.5, 2.5, 29], "size": [3, 3, 14], "uv": [24, 54]}
					]
				},
				{
					"name": "fire",
					"parent": "tail3",
					"pivot": [0, 5, 41],
					"cubes": [
						{"origin": [-2, 5.5, 39.5], "size": [4, 5, 4], "uv": [16, 85]},
						{"origin": [-3.5, 5.5, 41.5], "size": [7, 12, 0], "uv": [0, 47]},
						{"origin": [35, 5.5, 3], "size": [7, 12, 0], "pivot": [0, 0, 3], "rotation": [0, -90, 0], "uv": [0, 47]}
					]
				},
				{
					"name": "fire2",
					"parent": "fire",
					"pivot": [0, 10, 41],
					"cubes": [
						{"origin": [-1, 8.5, 40.5], "size": [2, 5, 2], "uv": [52, 0]}
					]
				},
				{
					"name": "leg_left",
					"parent": "body",
					"pivot": [5, 10, 2],
					"rotation": [0, -30, 0],
					"cubes": [
						{"origin": [3.26795, 5.25, -6.08013], "size": [6, 8, 8], "pivot": [0.76795, 0, -1.33013], "rotation": [-30, 0, 0], "uv": [58, 54], "mirror": true}
					]
				},
				{
					"name": "leg_left2",
					"parent": "leg_left",
					"pivot": [0.76795, 0, -1.33013],
					"cubes": [
						{"origin": [3.76795, 0.1, -0.98013], "size": [5, 7, 6], "pivot": [0.76795, 0, -1.33013], "rotation": [15, 0, 0], "uv": [74, 41], "mirror": true}
					]
				},
				{
					"name": "foot_left",
					"parent": "leg_left2",
					"pivot": [6.76795, 2, 1.66987],
					"cubes": [
						{"origin": [3.76795, 0, -2.33013], "size": [5, 2, 7], "inflate": 0.01, "uv": [79, 63], "mirror": true}
					]
				},
				{
					"name": "bone38",
					"parent": "foot_left",
					"pivot": [0.76795, 0, -1.33013],
					"cubes": [
						{"origin": [6.86795, 0, -6.13013], "size": [2, 2, 4], "pivot": [0.76795, 0, -1.33013], "rotation": [0.00002, -15, -0.00003], "uv": [88, 88], "mirror": true},
						{"origin": [7.86795, 0, -7.6], "size": [0, 2, 2], "pivot": [0.76795, 0, -1.33013], "rotation": [0.00002, -15, -0.00003], "uv": [44, 20], "mirror": true}
					]
				},
				{
					"name": "bone39",
					"parent": "foot_left",
					"pivot": [0.76795, 0, -1.33013],
					"cubes": [
						{"origin": [5.26795, 0, -4.83013], "size": [2, 2, 3], "uv": [0, 0], "mirror": true},
						{"origin": [6.26795, 0, -6.3], "size": [0, 2, 2], "uv": [39, 2], "mirror": true}
					]
				},
				{
					"name": "bone40",
					"parent": "foot_left",
					"pivot": [0.76795, 0, -1.33013],
					"cubes": [
						{"origin": [4.26795, 0, -4.6], "size": [0, 2, 2], "pivot": [0.76795, 0, -1.33013], "rotation": [0.00002, 15, 0.00003], "uv": [39, 0], "mirror": true},
						{"origin": [3.26795, 0, -3.13013], "size": [2, 2, 4], "pivot": [0.76795, 0, -1.33013], "rotation": [0.00002, 15, 0.00003], "uv": [44, 62], "mirror": true}
					]
				},
				{
					"name": "leg_right",
					"parent": "body",
					"pivot": [-5, 10, 3],
					"rotation": [0, 30, 0],
					"cubes": [
						{"origin": [-8.76795, 5.25, -5.94615], "size": [6, 8, 8], "pivot": [-0.26795, 0, -1.19615], "rotation": [-30, 0, 0], "uv": [58, 54]}
					]
				},
				{
					"name": "leg_right2",
					"parent": "leg_right",
					"pivot": [-5.26795, 6, 0.80385],
					"cubes": [
						{"origin": [-7.7, 0.1, -0.84615], "size": [4, 7, 6], "pivot": [-0.26795, 0, -1.19615], "rotation": [15, 0, 0], "uv": [74, 41]}
					]
				},
				{
					"name": "foot_right",
					"parent": "leg_right2",
					"pivot": [-6.26795, 1, 2.80385],
					"cubes": [
						{"origin": [-8.26795, 0, -2.19615], "size": [5, 2, 7], "inflate": 0.01, "uv": [79, 63]}
					]
				},
				{
					"name": "bone33",
					"parent": "foot_right",
					"pivot": [-0.26795, 0, -1.19615],
					"cubes": [
						{"origin": [-8.36795, 0, -5.99615], "size": [2, 2, 4], "pivot": [-0.26795, 0, -1.19615], "rotation": [0.00002, 15, 0.00003], "uv": [88, 88]},
						{"origin": [-7.36795, 0, -7.3], "size": [0, 2, 2], "pivot": [-0.26795, 0, -1.19615], "rotation": [0.00002, 15, 0.00003], "uv": [44, 20]}
					]
				},
				{
					"name": "bone34",
					"parent": "foot_right",
					"pivot": [-0.26795, 0, -1.19615],
					"cubes": [
						{"origin": [-6.76795, 0, -4.69615], "size": [2, 2, 3], "uv": [0, 0]},
						{"origin": [-5.76795, 0, -6.3], "size": [0, 2, 2], "uv": [39, 2]}
					]
				},
				{
					"name": "bone35",
					"parent": "foot_right",
					"pivot": [-0.26795, 0, -1.19615],
					"cubes": [
						{"origin": [-3.76795, 0, -4.3], "size": [0, 2, 2], "pivot": [-0.26795, 0, -1.19615], "rotation": [0.00002, -15, -0.00003], "uv": [39, 0]},
						{"origin": [-4.76795, 0, -2.99615], "size": [2, 2, 4], "pivot": [-0.26795, 0, -1.19615], "rotation": [0.00002, -15, -0.00003], "uv": [44, 62]}
					]
				}
			]
		}
	]
}