{
  "format_version": "1.8.0",
  "animations": {
    "animation.indeedee_male.ground_idle": {
      "loop": true,
      "bones": {
        "leg_left": {
          "rotation": [0, -2.5, 0]
        },
        "leg_right": {
          "rotation": [0, 5, 0]
        },
        "arm_left": {
          "rotation": [
            "0.2617-math.sin(query.anim_time*90*2)*4",
            "-4.9885-math.sin(query.anim_time*90*2-90)*2",
            42.4932
          ]
        },
        "elbow_left": {
          "rotation": [
            7.17799,
            "11.8729+math.sin(query.anim_time*90*2)*4",
            10.20128
          ]
        },
        "pointer_left": {
          "rotation": [0, 0, "22.5-math.sin(query.anim_time*90*2-60)*4"]
        },
        "middle_left": {
          "rotation": [0, 0, "15-math.sin(query.anim_time*90*2)*4"]
        },
        "arm_right": {
          "rotation": [
            "0.2617-math.sin(query.anim_time*90*2)*4",
            "4.9885+math.sin(query.anim_time*90*2-90)*2",
            -42.49317
          ]
        },
        "elbow_right": {
          "rotation": [
            7.17799,
            "-11.8729-math.sin(query.anim_time*90*2)*4",
            -10.20128
          ]
        },
        "pointer_right": {
          "rotation": [0, 0, "-22.5+math.sin(query.anim_time*90*2-60)*4"]
        },
        "middle_right": {
          "rotation": [0, 0, "-15+math.sin(query.anim_time*90*2)*4"]
        },
        "hips": {
          "rotation": [
            "math.sin(query.anim_time*90*2)*1.5",
            "2.5+math.sin(query.anim_time*90*1)*2",
            0
          ]
        },
        "chest": {
          "rotation": [
            "math.sin(query.anim_time*90*2-60)*1.5",
            "-math.sin(query.anim_time*90*2-30)",
            0
          ]
        },
        "head": {
          "rotation": [
            "-math.sin(query.anim_time*90*2-30)*3",
            "-2.5-math.sin(query.anim_time*90*1-30)*2",
            0
          ]
        },
        "tail": {
          "rotation": ["-math.sin(query.anim_time*90*2+90)*3", 0, 0]
        },
        "tail2": {
          "rotation": ["math.sin(query.anim_time*90*2+180)*4", 0, 0]
        },
        "tail3": {
          "rotation": ["-math.sin(query.anim_time*90*2+270)*3", 0, 0]
        },
        "ring_left": {
          "rotation": [0, 0, "5-math.sin(query.anim_time*90*2-120)*4"]
        },
        "ring_right": {
          "rotation": [0, 0, "-5-math.sin(query.anim_time*90*2-120)*4"]
        }
      }
    },
    "animation.indeedee_male.battle_idle": {
      "loop": true,
      "animation_length": 2,
      "bones": {
        "body": {
          "rotation": [0, -17.5, 0],
          "position": [0, -0.15, 0]
        },
        "hips": {
          "rotation": [
            "math.sin(query.anim_time*90*2)*0.75",
            "2.5+math.sin(query.anim_time*90*2)*0.25",
            0
          ]
        },
        "leg_left": {
          "rotation": [-5, -5, 0],
          "position": [0, -0.075, 0]
        },
        "knee_left": {
          "rotation": [7.76435, 14.86718, 1.02579]
        },
        "leg_right": {
          "rotation": [-2.5, 7.5, 0]
        },
        "knee_right": {
          "rotation": [5.26605, -14.91053, -1.03091]
        },
        "torso": {
          "rotation": ["math.sin(query.anim_time*90*2+180)*0.5", 5, 0]
        },
        "chest": {
          "rotation": ["math.sin(query.anim_time*90*2+270)*1", 5, 0]
        },
        "head": {
          "rotation": [
            "5-math.sin(query.anim_time*90*2+270)*1",
            "-7.5+math.sin(query.anim_time*90*2+90)*1",
            0
          ]
        },
        "arm_left": {
          "rotation": [
            -123.6249,
            "3.1565+math.sin(query.anim_time*90*2+360)*2",
            "43.3559-math.sin(query.anim_time*90*2+360)*1"
          ]
        },
        "elbow_left": {
          "rotation": [
            29.68051,
            "28.9532+math.sin(query.anim_time*90*2+90)*2",
            "55.6892+math.sin(query.anim_time*90*2+90)*1"
          ]
        },
        "wrist_left": {
          "rotation": [0, 0, "7.5+math.sin(query.anim_time*90*2+180)*2"]
        },
        "pointer_left": {
          "rotation": [
            7.6734,
            "26.4883-math.sin(query.anim_time*90*2+270)*3",
            16.80857
          ]
        },
        "middle_left": {
          "rotation": [0, -10, "7.5+math.sin(query.anim_time*90*2+270)*1"]
        },
        "ring_left": {
          "rotation": [0, "-32.5+math.sin(query.anim_time*90*2+270)*2", 0],
          "position": [-0.25, 0, 0]
        },
        "arm_right": {
          "rotation": [
            27.83993,
            "9.8713-math.sin(query.anim_time*90*2+270)*3",
            -41.70108
          ]
        },
        "elbow_right": {
          "rotation": [
            -39.45363,
            "-57.383+math.sin(query.anim_time*90*2+360)*3",
            33.32581
          ]
        },
        "wrist_right": {
          "rotation": [0, 0, "-10-math.sin(query.anim_time*90*2+90)*4"]
        },
        "pointer_right": {
          "rotation": [0, -17.5, "-math.sin(query.anim_time*90*2+180)*1"]
        },
        "middle_right": {
          "rotation": [0, 0, "-12.5-math.sin(query.anim_time*90*2+180)*3"]
        },
        "ring_right": {
          "rotation": [-10, 22.5, "-30-math.sin(query.anim_time*90*2+180)*1"],
          "position": [0, -0.05, 0]
        },
        "foot_left": {
          "rotation": [-2.5, 0, 0]
        },
        "foot_right": {
          "rotation": [-2.5, 0, 0]
        },
        "tail": {
          "rotation": ["-math.sin(query.anim_time*90*2+90)*3", 0, 0]
        },
        "tail2": {
          "rotation": ["math.sin(query.anim_time*90*2+180)*4", 0, 0]
        },
        "tail3": {
          "rotation": ["-math.sin(query.anim_time*90*2+270)*3", 0, 0]
        }
      }
    },
    "animation.indeedee_male.physical": {
      "loop": true,
      "animation_length": 3,
      "bones": {
        "body": {
          "rotation": {
            "0.0": [0, -17.5, 0],
            "3.0": [0, -17.5, 0]
          },
          "position": {
            "0.0": [0, -0.15, 0],
            "3.0": [0, -0.15, 0]
          }
        },
        "hips": {
          "rotation": {
            "0.0": [0, 2.5, 0],
            "0.2917": {
              "pre": [-0.65963, 17.49556, 1.56679],
              "post": [-0.65963, 17.49556, 1.56679],
              "lerp_mode": "catmullrom"
            },
            "0.4167": {
              "post": [-1, 19.91, 0],
              "lerp_mode": "catmullrom"
            },
            "0.7083": {
              "post": [-0.19268, 15.97886, 3.12021],
              "lerp_mode": "catmullrom"
            },
            "1.0": {
              "post": [0.17342, 3.9656, 2.506],
              "lerp_mode": "catmullrom"
            },
            "1.2083": {
              "post": [0, -10, 0],
              "lerp_mode": "catmullrom"
            },
            "1.3333": {
              "post": [0, -17.5, 0],
              "lerp_mode": "catmullrom"
            },
            "1.5": {
              "post": [2.5539, -20.9966, -0.16342],
              "lerp_mode": "catmullrom"
            },
            "1.75": {
              "post": [1.30448, -21.49596, 4.42703],
              "lerp_mode": "catmullrom"
            },
            "1.875": {
              "post": [0.31065, -14.44287, 5.52043],
              "lerp_mode": "catmullrom"
            },
            "2.25": [0.09467, -2.25758, 0.6754],
            "2.5": {
              "pre": [0, 2.5, 0],
              "post": [0, 2.5, 0],
              "lerp_mode": "catmullrom"
            },
            "3.0": [0, 2.5, 0]
          },
          "position": {
            "0.0": [0, 0, 0],
            "0.2917": {
              "pre": [0, 0, 0.3],
              "post": [0, 0, 0.3],
              "lerp_mode": "catmullrom"
            },
            "0.7083": {
              "post": [0, 0, 0.55],
              "lerp_mode": "catmullrom"
            },
            "1.2083": {
              "post": [0, 0, -1],
              "lerp_mode": "catmullrom"
            },
            "2.5": [0, 0, 0],
            "3.0": [0, 0, 0]
          }
        },
        "leg_left": {
          "rotation": {
            "0.0": {
              "post": [-5, -5, 0],
              "lerp_mode": "catmullrom"
            },
            "0.5": {
              "post": [-4.98558, 2.47162, -0.65242],
              "lerp_mode": "catmullrom"
            },
            "1.0": {
              "post": [-5.1016, -12.47096, 0.66757],
              "lerp_mode": "catmullrom"
            },
            "3.0": {
              "post": [-5, -5, 0],
              "lerp_mode": "catmullrom"
            }
          }
        },
        "knee_left": {
          "rotation": {
            "0.0": {
              "post": [7.76435, 14.86718, 1.02579],
              "lerp_mode": "catmullrom"
            },
            "0.5": {
              "post": [7.56687, 7.43401, 0.00682],
              "lerp_mode": "catmullrom"
            },
            "1.0": {
              "post": [8.11308, 22.29554, 2.11784],
              "lerp_mode": "catmullrom"
            },
            "3.0": {
              "post": [7.76435, 14.86718, 1.02579],
              "lerp_mode": "catmullrom"
            }
          },
          "position": {
            "0.0": [0, 0, 0],
            "0.5": [0.075, 0, 0],
            "1.0": [-0.095, 0, 0.025],
            "3.0": [0, 0, 0]
          }
        },
        "leg_right": {
          "rotation": {
            "0.0": [-2.5, 7.5, 0],
            "0.3333": [4.37665, 37.46593, -1.57457],
            "0.5": [6.87665, 37.46593, -1.57457],
            "0.6667": [6.87665, 37.46593, -1.57457],
            "0.9583": [-10.30216, 19.98532, -0.67827],
            "1.0833": [-2.48097, 2.50472, 0.21803],
            "1.5833": [-2.48097, 2.50472, 0.21803],
            "2.25": [-2.5, 7.5, 0],
            "3.0": [-2.5, 7.5, 0]
          },
          "position": {
            "0.0": [0, 0, 0],
            "0.2083": {
              "pre": [0, 0.5, 0.25],
              "post": [0, 0.5, 0.25],
              "lerp_mode": "catmullrom"
            },
            "0.3333": [0, 0, 1],
            "0.5": [0, 0, 1],
            "0.6667": [0, 0, 1],
            "0.9583": [0, 1, -0.22],
            "1.0833": [0, 0, -1],
            "1.5833": [0, 0, -1],
            "2.0": {
              "pre": [0, 1, -0.48],
              "post": [0, 1, -0.48],
              "lerp_mode": "catmullrom"
            },
            "2.25": [0, 0, 0],
            "3.0": [0, 0, 0]
          }
        },
        "knee_right": {
          "rotation": {
            "0.0": [5.26605, -14.91053, -1.03091],
            "0.3333": [-3.29106, -14.71766, 3.10187],
            "0.5": [-5.79106, -14.71766, 3.10187],
            "0.6667": [-5.79106, -14.71766, 3.10187],
            "0.9583": [7.23749, -14.81409, 1.03548],
            "1.0833": [5.26605, -14.91053, -1.03091],
            "1.25": [5.26605, -14.91053, -1.03091],
            "3.0": [5.26605, -14.91053, -1.03091]
          },
          "position": {
            "0.0": [0, 0, 0],
            "0.3333": [0, 0.1, 0],
            "0.5": [0, 0.15, 0],
            "0.6667": [0, 0.15, 0],
            "1.0833": [0, 0, 0],
            "1.25": [0, 0, 0],
            "3.0": [0, 0, 0]
          }
        },
        "torso": {
          "rotation": [0, 5, 0]
        },
        "chest": {
          "rotation": {
            "0.0": {
              "post": [0, 5, 0],
              "lerp_mode": "catmullrom"
            },
            "0.2917": {
              "post": [-3.28795, 17.48281, -2.62116],
              "lerp_mode": "catmullrom"
            },
            "0.4167": {
              "post": [-8.29971, 18.79634, -0.25532],
              "lerp_mode": "catmullrom"
            },
            "0.9167": {
              "post": [-8.74193, 25.43925, -3.58348],
              "lerp_mode": "catmullrom"
            },
            "1.0417": {
              "post": [-5.18384, 24.9803, -0.48015],
              "lerp_mode": "catmullrom"
            },
            "1.125": {
              "post": [5.05766, 9.98078, 0.44192],
              "lerp_mode": "catmullrom"
            },
            "1.25": {
              "post": [10.0795, -7.37603, -1.5268],
              "lerp_mode": "catmullrom"
            },
            "1.4583": {
              "post": [10.20363, -11.97587, -2.3444],
              "lerp_mode": "catmullrom"
            },
            "3.0": {
              "post": [0, 5, 0],
              "lerp_mode": "catmullrom"
            }
          },
          "position": {
            "0.0": [0, 0, 0],
            "1.375": [0, -0.45, 0],
            "3.0": [0, 0, 0]
          }
        },
        "head": {
          "rotation": {
            "0.0": {
              "post": [5, -7.5, 0],
              "lerp_mode": "catmullrom"
            },
            "0.375": {
              "post": [4.06238, -12.49034, -0.47047],
              "lerp_mode": "catmullrom"
            },
            "1.125": {
              "post": [7.63142, -12.50885, -2.09395],
              "lerp_mode": "catmullrom"
            },
            "1.375": {
              "post": [5.44165, 6.11882, -2.14595],
              "lerp_mode": "catmullrom"
            },
            "2.0833": [0.84345, 19.089, -3.64286],
            "2.4167": {
              "pre": [3.11, 4.59, -1.76],
              "post": [3.11, 4.59, -1.76],
              "lerp_mode": "catmullrom"
            },
            "3.0": [5, -7.5, 0]
          }
        },
        "arm_left": {
          "rotation": {
            "0.0": {
              "post": [-123.6249, 3.1565, 43.3559],
              "lerp_mode": "catmullrom"
            },
            "0.75": {
              "post": [-126.77446, 10.49325, 36.98521],
              "lerp_mode": "catmullrom"
            },
            "1.0833": {
              "post": [-125.45731, 17.60944, 33.2945],
              "lerp_mode": "catmullrom"
            },
            "1.5417": {
              "post": [-93.21313, -16.10384, 38.93818],
              "lerp_mode": "catmullrom"
            },
            "1.7917": {
              "post": [-93.92555, -26.28889, 40.1067],
              "lerp_mode": "catmullrom"
            },
            "2.0417": {
              "post": [-97.67422, -36.47954, 42.34128],
              "lerp_mode": "catmullrom"
            },
            "3.0": {
              "post": [-123.6249, 3.1565, 43.3559],
              "lerp_mode": "catmullrom"
            }
          }
        },
        "elbow_left": {
          "rotation": {
            "0.0": {
              "post": [29.68051, 28.9532, 55.6892],
              "lerp_mode": "catmullrom"
            },
            "0.7917": {
              "post": [48.03906, -7.01553, 62.47298],
              "lerp_mode": "catmullrom"
            },
            "1.125": {
              "post": [73.62857, -15.4278, 72.03158],
              "lerp_mode": "catmullrom"
            },
            "1.3333": {
              "post": [87.8795, -6.15196, 32.75208],
              "lerp_mode": "catmullrom"
            },
            "1.9167": {
              "post": [64.37443, -6.92076, -1.6893],
              "lerp_mode": "catmullrom"
            },
            "3.0": {
              "post": [29.68051, 28.9532, 55.6892],
              "lerp_mode": "catmullrom"
            }
          },
          "position": {
            "0.0": [0, 0, 0],
            "1.3333": [0, 0, -0.5],
            "3.0": [0, 0, 0]
          }
        },
        "wrist_left": {
          "rotation": {
            "0.0": [0, 0, 7.5],
            "1.0417": [0, 0, 22.5],
            "3.0": [0, 0, 7.5]
          }
        },
        "pointer_left": {
          "rotation": {
            "0.0": [7.6734, 26.4883, 16.80857],
            "3.0": [7.6734, 26.4883, 16.80857]
          }
        },
        "middle_left": {
          "rotation": {
            "0.0": [0, -10, 7.5],
            "3.0": [0, -10, 7.5]
          }
        },
        "ring_left": {
          "rotation": {
            "0.0": [0, -32.5, 0],
            "3.0": [0, -32.5, 0]
          },
          "position": {
            "0.0": [-0.25, 0, 0],
            "3.0": [-0.25, 0, 0]
          }
        },
        "arm_right": {
          "rotation": {
            "0.0": {
              "post": [27.83993, 9.8713, -41.70108],
              "lerp_mode": "catmullrom"
            },
            "0.2917": {
              "post": [29.9934, 23.02098, -34.15474],
              "lerp_mode": "catmullrom"
            },
            "0.9583": {
              "post": [-10.87837, 47.14484, -47.3243],
              "lerp_mode": "catmullrom"
            },
            "1.125": {
              "post": [-12.76626, 54.48718, -49.75477],
              "lerp_mode": "catmullrom"
            },
            "1.1667": {
              "post": [5.02286, -42.24716, -16.61244],
              "lerp_mode": "catmullrom"
            },
            "1.4583": {
              "post": [17.29726, -74.17255, -28.35193],
              "lerp_mode": "catmullrom"
            },
            "2.25": {
              "post": [33.927, -56.78646, -48.96249],
              "lerp_mode": "catmullrom"
            },
            "2.5": {
              "post": [36.80676, -42.38153, -54.18079],
              "lerp_mode": "catmullrom"
            },
            "3.0": {
              "post": [27.83993, 9.8713, -41.70108],
              "lerp_mode": "catmullrom"
            }
          }
        },
        "elbow_right": {
          "rotation": {
            "0.0": {
              "post": [-39.45363, -57.383, 33.32581],
              "lerp_mode": "catmullrom"
            },
            "0.2917": {
              "post": [-31.81426, -33.70681, 12.67232],
              "lerp_mode": "catmullrom"
            },
            "0.9583": {
              "post": [-43.95776, -25.07216, 6.87185],
              "lerp_mode": "catmullrom"
            },
            "1.125": {
              "post": [-33.79834, -17.70396, -0.39705],
              "lerp_mode": "catmullrom"
            },
            "1.1667": {
              "post": [-40.35868, -19.30988, 25.34423],
              "lerp_mode": "catmullrom"
            },
            "1.4583": {
              "post": [-18.86571, -39.8447, 24.3565],
              "lerp_mode": "catmullrom"
            },
            "2.5": {
              "post": [-37.83799, -58.92187, 37.58487],
              "lerp_mode": "catmullrom"
            },
            "3.0": {
              "post": [-39.45363, -57.383, 33.32581],
              "lerp_mode": "catmullrom"
            }
          }
        },
        "wrist_right": {
          "rotation": {
            "0.0": [0, 0, -10],
            "0.2917": [0, 0, -20.15],
            "0.9583": [0, 0, -31.6],
            "1.1667": [0, 0, -2.05],
            "1.25": [0, 0, -2.73],
            "3.0": [0, 0, -10]
          }
        },
        "pointer_right": {
          "rotation": {
            "0.0": [0, -17.5, 0],
            "3.0": [0, -17.5, 0]
          }
        },
        "middle_right": {
          "rotation": {
            "0.0": [0, 0, -12.5],
            "3.0": [0, 0, -12.5]
          }
        },
        "ring_right": {
          "rotation": {
            "0.0": [-10, 22.5, -30],
            "3.0": [-10, 22.5, -30]
          },
          "position": {
            "0.0": [0, -0.05, 0],
            "3.0": [0, -0.05, 0]
          }
        },
        "foot_left": {
          "rotation": {
            "0.0": [-2.5, 0, 0],
            "3.0": [-2.5, 0, 0]
          }
        },
        "foot_right": {
          "rotation": {
            "0.0": [-2.5, 0, 0],
            "0.2083": {
              "pre": [-10, 0, 0],
              "post": [-10, 0, 0],
              "lerp_mode": "catmullrom"
            },
            "0.3333": [-2.5, 0, 0],
            "0.6667": [-2.5, 0, 0],
            "0.9583": {
              "pre": [10, 0, 0],
              "post": [10, 0, 0],
              "lerp_mode": "catmullrom"
            },
            "1.0833": [-2.5, 0, 0],
            "1.6667": [-2.5, 0, 0],
            "1.7917": {
              "pre": [4.64, 0, 0],
              "post": [4.64, 0, 0],
              "lerp_mode": "catmullrom"
            },
            "2.0833": {
              "post": [-10, 0, 0],
              "lerp_mode": "catmullrom"
            },
            "2.3333": [-2.5, 0, 0],
            "3.0": [-2.5, 0, 0]
          },
          "position": {
            "0.6667": [0, 0, 0],
            "0.9583": {
              "pre": [0, 0.5, 0],
              "post": [0, 0.5, 0],
              "lerp_mode": "catmullrom"
            },
            "1.0833": [0, 0, 0],
            "1.6667": [0, 0, 0],
            "1.7917": {
              "pre": [0, 0.25, 0],
              "post": [0, 0.25, 0],
              "lerp_mode": "catmullrom"
            },
            "2.0833": [0, 0, 0]
          }
        },
        "tail": {
          "rotation": {
            "0.0": [0, 0, 0],
            "3.0": [0, 0, 0]
          }
        },
        "tail2": {
          "rotation": {
            "0.0": [0, 0, 0],
            "3.0": [0, 0, 0]
          }
        },
        "tail3": {
          "rotation": {
            "0.0": [0, 0, 0],
            "3.0": [0, 0, 0]
          }
        },
        "pupil_left": {
          "position": {
            "0.0": {
              "post": [0, 0, 0],
              "lerp_mode": "catmullrom"
            },
            "0.5": {
              "post": [0.05, 0, 0],
              "lerp_mode": "catmullrom"
            },
            "1.0": {
              "post": [0, 0, 0],
              "lerp_mode": "catmullrom"
            },
            "1.375": {
              "post": [-0.25, 0.25, 0],
              "lerp_mode": "catmullrom"
            },
            "1.8333": {
              "post": [-0.15, 0.15, 0],
              "lerp_mode": "catmullrom"
            },
            "2.2917": {
              "post": [0, 0, 0],
              "lerp_mode": "catmullrom"
            }
          }
        },
        "pupil_right": {
          "position": {
            "0.0": {
              "post": [0, 0, 0],
              "lerp_mode": "catmullrom"
            },
            "0.5": {
              "post": [0.1, 0, 0],
              "lerp_mode": "catmullrom"
            },
            "1.0": {
              "post": [0, 0, 0],
              "lerp_mode": "catmullrom"
            },
            "1.375": {
              "post": [-0.15, 0.25, 0],
              "lerp_mode": "catmullrom"
            },
            "1.8333": {
              "post": [-0.05, 0.05, 0],
              "lerp_mode": "catmullrom"
            },
            "2.2917": {
              "post": [0, 0, 0],
              "lerp_mode": "catmullrom"
            }
          }
        }
      }
    },
    "animation.indeedee_male.blink": {
      "animation_length": 0.1667,
      "bones": {
        "eyelid_left": {
          "position": {
            "0.0": [0, 0, -0.1],
            "0.1667": {
              "pre": [0, 0, -0.1],
              "post": [0, 0, 0]
            }
          }
        },
        "eyelid_right": {
          "position": {
            "0.0": [0, 0, -0.1],
            "0.1667": {
              "pre": [0, 0, -0.1],
              "post": [0, 0, 0]
            }
          }
        }
      }
    },
    "animation.indeedee_male.ground_walk": {
      "loop": true,
      "animation_length": 2,
      "bones": {
        "leg_left": {
          "rotation": {
            "0.0": [-10.56808, -5.14828, 0.66501],
            "0.5": {
              "pre": [-1.56808, -5.14828, 0.66501],
              "post": [-1.56808, -5.14828, 0.66501],
              "lerp_mode": "catmullrom"
            },
            "1.0": [11.96247, -5.19092, -0.0145],
            "1.2083": [19.46247, -5.19092, -0.0145],
            "1.5": {
              "pre": [4.43192, -5.14828, 0.66501],
              "post": [4.43192, -5.14828, 0.66501],
              "lerp_mode": "catmullrom"
            },
            "1.8333": {
              "post": [-15.56808, -5.14828, 0.66501],
              "lerp_mode": "catmullrom"
            },
            "2.0": [-10.56808, -5.14828, 0.66501]
          },
          "position": {
            "0.0": [0, 0, -2],
            "1.0": [0, 0, 1.5],
            "1.2083": {
              "pre": [0, 0.5, 0.75],
              "post": [0, 0.5, 0.75],
              "lerp_mode": "catmullrom"
            },
            "1.5": [0, 1, 0],
            "1.8333": {
              "pre": [0, 1.25, -1.7],
              "post": [0, 1.25, -1.7],
              "lerp_mode": "catmullrom"
            },
            "2.0": [0, 0, -2]
          }
        },
        "knee_left": {
          "rotation": {
            "0.0": {
              "post": [6.5, 0, 0],
              "lerp_mode": "catmullrom"
            },
            "0.5": [2, 0, 0],
            "1.0": [-8.5, 0, 0],
            "1.5": [9, 0, 0],
            "2.0": {
              "pre": [6.5, 0, 0],
              "post": [6.5, 0, 0],
              "lerp_mode": "catmullrom"
            }
          },
          "position": {
            "0.0": {
              "post": [0, -0.5, 0],
              "lerp_mode": "catmullrom"
            },
            "0.5": [0, -0.5, 0],
            "1.0": [0, 0, 0],
            "1.5": [0, 0, 0],
            "2.0": {
              "pre": [0, -0.5, 0],
              "post": [0, -0.5, 0],
              "lerp_mode": "catmullrom"
            }
          }
        },
        "foot_left": {
          "rotation": {
            "0.0": [3.09, 0, 0],
            "0.5": [0, 0, 0],
            "1.0": [-3, 0, 0],
            "1.5": [6.17, 0, 0],
            "2.0": [3.09, 0, 0]
          },
          "position": {
            "0.0": {
              "post": [0, 0.5, 0],
              "lerp_mode": "catmullrom"
            },
            "0.5": [0, 0.5, 0],
            "1.0": [0, 0, 0],
            "1.5": [0, 0.5, 0],
            "2.0": {
              "pre": [0, 0.5, 0],
              "post": [0, 0.5, 0],
              "lerp_mode": "catmullrom"
            }
          }
        },
        "leg_right": {
          "rotation": {
            "0.0": [11.96247, 5.19092, 0.0145],
            "0.2083": [19.46247, 5.19092, 0.0145],
            "0.5": {
              "pre": [4.43192, 5.14828, -0.66501],
              "post": [4.43192, 5.14828, -0.66501],
              "lerp_mode": "catmullrom"
            },
            "0.8333": {
              "post": [-15.56808, 5.14828, -0.66501],
              "lerp_mode": "catmullrom"
            },
            "1.0": [-10.56808, 5.14828, -0.66501],
            "1.5": {
              "pre": [-1.56808, 5.14828, -0.66501],
              "post": [-1.56808, 5.14828, -0.66501],
              "lerp_mode": "catmullrom"
            },
            "2.0": [11.96247, 5.19092, 0.0145]
          },
          "position": {
            "0.0": [0, 0, 1.5],
            "0.2083": {
              "pre": [0, 0.5, 0.75],
              "post": [0, 0.5, 0.75],
              "lerp_mode": "catmullrom"
            },
            "0.5": [0, 1, 0],
            "0.8333": {
              "pre": [0, 1.25, -1.7],
              "post": [0, 1.25, -1.7],
              "lerp_mode": "catmullrom"
            },
            "1.0": [0, 0, -2],
            "2.0": [0, 0, 1.5]
          }
        },
        "knee_right": {
          "rotation": {
            "0.0": [-8.5, 0, 0],
            "0.5": [9, 0, 0],
            "1.0": {
              "pre": [6.5, 0, 0],
              "post": [6.5, 0, 0],
              "lerp_mode": "catmullrom"
            },
            "1.5": [2, 0, 0],
            "2.0": [-8.5, 0, 0]
          },
          "position": {
            "0.0": [0, 0, 0],
            "0.5": [0, 0, 0],
            "1.0": {
              "pre": [0, -0.5, 0],
              "post": [0, -0.5, 0],
              "lerp_mode": "catmullrom"
            },
            "1.5": [0, -0.5, 0],
            "2.0": [0, 0, 0]
          }
        },
        "foot_right": {
          "rotation": {
            "0.0": [-3, 0, 0],
            "0.5": [6.17, 0, 0],
            "1.5": [0, 0, 0],
            "2.0": [-3, 0, 0]
          },
          "position": {
            "0.0": [0, 0, 0],
            "0.5": [0, 0.5, 0],
            "1.0": {
              "pre": [0, 0.5, 0],
              "post": [0, 0.5, 0],
              "lerp_mode": "catmullrom"
            },
            "1.5": [0, 0.5, 0],
            "2.0": [0, 0, 0]
          }
        },
        "hips": {
          "rotation": [
            0,
            "math.sin(query.anim_time*90*2+120)*8",
            "-math.sin(query.anim_time*90*2+120)*2"
          ]
        },
        "torso": {
          "rotation": [0, 0, "-math.sin(query.anim_time*90*2)*2"]
        },
        "tail": {
          "rotation": [
            "math.sin(query.anim_time*90*4+120)*3",
            0,
            "math.sin(query.anim_time*90*2+120)*4"
          ]
        },
        "tail2": {
          "rotation": [
            "math.sin(query.anim_time*90*4+60)*4",
            0,
            "math.sin(query.anim_time*90*2+60)*4"
          ]
        },
        "tail3": {
          "rotation": ["math.sin(query.anim_time*90*4)*4", 0, 0]
        },
        "chest": {
          "rotation": [
            0,
            "math.sin(query.anim_time*90*2-75)*12",
            "math.sin(query.anim_time*90*2)*2"
          ]
        },
        "head": {
          "rotation": [
            0,
            "-math.sin(query.anim_time*90*2-120)*5",
            "-math.sin(query.anim_time*90*2)*2"
          ]
        },
        "arm_left": {
          "rotation": [
            "0.4369-math.sin(query.anim_time*90*2+90)*12",
            "-4.9809+math.sin(query.anim_time*90*2)*12",
            42.48
          ]
        },
        "elbow_left": {
          "rotation": [
            6.11,
            "12.4517+math.sin(query.anim_time*90*2-90)*6",
            5.12
          ]
        },
        "pointer_left": {
          "rotation": [0, 0, "22.5+math.sin(query.anim_time*90*2-60)*4"]
        },
        "middle_left": {
          "rotation": [0, 0, "15+math.sin(query.anim_time*90*2)*4"]
        },
        "ring_left": {
          "rotation": [0, 0, "5-math.sin(query.anim_time*90*2-120)*4"]
        },
        "arm_right": {
          "rotation": [
            "0.4369-math.sin(query.anim_time*90*2+90)*12",
            "4.9809+math.sin(query.anim_time*90*2)*12",
            -42.481
          ]
        },
        "elbow_right": {
          "rotation": [
            6.10693,
            "-12.4517+math.sin(query.anim_time*90*2-90)*6",
            -5.12076
          ]
        },
        "pointer_right": {
          "rotation": [0, 0, "-22.5+math.sin(query.anim_time*90*2-60)*4"]
        },
        "middle_right": {
          "rotation": [0, 0, "-15+math.sin(query.anim_time*90*2)*4"]
        },
        "ring_right": {
          "rotation": [0, 0, "-5-math.sin(query.anim_time*90*2-120)*4"]
        }
      }
    }
  }
}
