{
	"format_version": "1.12.0",
	"minecraft:geometry": [
		{
			"description": {
				"identifier": "geometry.Mewtwo",
				"texture_width": 128,
				"texture_height": 128,
				"visible_bounds_width": 8,
				"visible_bounds_height": 3.5,
				"visible_bounds_offset": [0, 1.25, 0]
			},
			"bones": [
				{
					"name": "mewtwo",
					"pivot": [0, 0, 0]
				},
				{
					"name": "body",
					"parent": "mewtwo",
					"pivot": [0, 0, 0]
				},
				{
					"name": "torso_lower",
					"parent": "body",
					"pivot": [0, 18, 7],
					"cubes": [
						{"origin": [-4, 12, 1], "size": [8, 7, 5], "pivot": [0, 0, 0], "rotation": [-5, 0, 0], "uv": [4, 4]}
					]
				},
				{
					"name": "torso_middle",
					"parent": "torso_lower",
					"pivot": [0, 20, 7],
					"cubes": [
						{"origin": [-3, 15, 3.5], "size": [6, 8, 4], "uv": [28, 37]}
					]
				},
				{
					"name": "torso_upper",
					"parent": "torso_middle",
					"pivot": [0, 20, 7],
					"cubes": [
						{"origin": [-3, 21, -1.5], "size": [6, 6, 5], "inflate": 0.01, "pivot": [0, -4, 0], "rotation": [-10, 0, 0], "uv": [2, 20]},
						{"origin": [-2, 22, -1.5], "size": [4, 5, 1], "inflate": 0.14, "pivot": [0, -4, 0], "rotation": [-10, 0, 0], "uv": [68, 54]},
						{"origin": [-3, 23, -1.5], "size": [6, 4, 5], "inflate": 0.15, "pivot": [0, -4, 0], "rotation": [-10, 0, 0], "uv": [25, 26]},
						{"origin": [-0.5, 21.5, -6.5], "size": [1, 3, 1], "pivot": [0, -4, 0], "rotation": [-20, 0, 0], "uv": [25, 0]}
					]
				},
				{
					"name": "neck",
					"parent": "torso_upper",
					"pivot": [0, 27, 5],
					"cubes": [
						{"origin": [-1, 25, 4.5], "size": [2, 4, 2], "uv": [12, 74]}
					]
				},
				{
					"name": "head",
					"parent": "neck",
					"pivot": [0, 29, 6],
					"cubes": [
						{"origin": [-3.5, 29, 4.25], "size": [7, 6, 6], "inflate": 0.001, "uv": [0, 31]},
						{"origin": [-3.5, 34, -3.75], "size": [1, 6, 3], "pivot": [0, -4, 0], "rotation": [-15, 0, 0], "uv": [11, 33], "mirror": true},
						{"origin": [2.5, 34, -3.75], "size": [1, 6, 3], "pivot": [0, -4, 0], "rotation": [-15, 0, 0], "uv": [11, 33]},
						{"origin": [-3.5, 39, -3.75], "size": [7, 1, 3], "pivot": [0, -4, 0], "rotation": [-15, 0, 0], "uv": [28, 41]},
						{"origin": [-1, 29, 4], "size": [2, 2, 3], "inflate": -0.15, "pivot": [0, -4, 0], "rotation": [7.5, 0, 0], "uv": [14, 55]},
						{"origin": [-0.5, 28.75, 4.5], "size": [1, 1, 3], "inflate": 0.1, "pivot": [0, -4, 0], "rotation": [7.5, 0, 0], "uv": [28, 76]},
						{"origin": [-5.5, 29, 0.5], "size": [5, 6, 5], "inflate": -0.01, "pivot": [0, -4, 0], "rotation": [0, 45, 0], "uv": [24, 49]}
					]
				},
				{
					"name": "bone24",
					"parent": "head",
					"pivot": [-1, -5, 9],
					"rotation": [15, 0, 0],
					"cubes": [
						{"origin": [6.5, 30, 14.25], "size": [1, 6, 2], "pivot": [-1, -5, 9], "rotation": [0, 0, -15], "uv": [0, 73]},
						{"origin": [7, -13.5, 47.25], "size": [0, 3, 5], "pivot": [-1, -5, 9], "rotation": [90, 0, -15], "uv": [22, 78]}
					]
				},
				{
					"name": "bone9",
					"parent": "head",
					"pivot": [1, -5, 9],
					"rotation": [15, 0, 0],
					"cubes": [
						{"origin": [-7.5, 30, 14.25], "size": [1, 6, 2], "pivot": [1, -5, 9], "rotation": [0, 0, 15], "uv": [0, 73], "mirror": true},
						{"origin": [-7, -13.5, 47.25], "size": [0, 3, 5], "pivot": [1, -5, 9], "rotation": [90, 0, 15], "uv": [22, 78], "mirror": true}
					]
				},
				{
					"name": "bone7",
					"parent": "head",
					"pivot": [0, -4, 0],
					"cubes": [
						{"origin": [-5, 31, 0.5], "size": [2, 2, 0], "inflate": 0.01, "pivot": [0, -4, 0], "rotation": [0, 45, 0], "uv": [0, 20]},
						{"origin": [-4, 31, 0.5], "size": [2, 2, 0], "inflate": 0.01, "pivot": [0, -4, 0], "rotation": [0, 45, 0], "uv": [0, 20]},
						{"origin": [-13.25, 31, 0.5], "size": [4, 1, 0], "inflate": 0.03, "pivot": [0, -4, 0], "rotation": [12.2127, 43.65747, 17.40744], "uv": [23, 23]},
						{"origin": [-13.25, 31.25, 0.5], "size": [4, 1, 0], "inflate": 0.03, "pivot": [0, -4, 0], "rotation": [12.2127, 43.65747, 17.40744], "uv": [23, 23]}
					]
				},
				{
					"name": "bone22",
					"parent": "bone7",
					"pivot": [0, -4, 0]
				},
				{
					"name": "bone20",
					"parent": "bone22",
					"pivot": [0, -4, 0],
					"cubes": [
						{"origin": [-4, 31, 0.5], "size": [2, 2, 0], "inflate": 0.015, "pivot": [0, -4, 0], "rotation": [0, 45, 0], "uv": [4, 31]}
					]
				},
				{
					"name": "bone21",
					"parent": "bone20",
					"pivot": [0, -4, 0],
					"cubes": [
						{"origin": [-3.25, 31.25, 0.375], "size": [1, 2, 1], "inflate": -0.1, "pivot": [0, -4, 0], "rotation": [0, 45, 0], "uv": [22, 19]}
					]
				},
				{
					"name": "bone23",
					"parent": "bone22",
					"pivot": [0, -4, 0],
					"cubes": [
						{"origin": [-4.3, 32, 0.5], "size": [1, 1, 0], "inflate": 0.025, "pivot": [0, -4, 0], "rotation": [0, 45, 0], "uv": [5, 2]}
					]
				},
				{
					"name": "bone8",
					"parent": "head",
					"pivot": [0, -4, 0],
					"cubes": [
						{"origin": [3, 31, 0.5], "size": [2, 2, 0], "inflate": 0.01, "pivot": [0, -4, 0], "rotation": [0, -45, 0], "uv": [0, 20], "mirror": true},
						{"origin": [2, 31, 0.5], "size": [2, 2, 0], "inflate": 0.01, "pivot": [0, -4, 0], "rotation": [0, -45, 0], "uv": [0, 20], "mirror": true},
						{"origin": [3.3, 32, 0.5], "size": [1, 1, 0], "inflate": 0.025, "pivot": [0, -4, 0], "rotation": [0, -45, 0], "uv": [5, 2], "mirror": true},
						{"origin": [9.25, 31, 0.5], "size": [4, 1, 0], "inflate": 0.03, "pivot": [0, -4, 0], "rotation": [12.2127, -43.65747, -17.40744], "uv": [23, 23], "mirror": true},
						{"origin": [9.25, 31.25, 0.5], "size": [4, 1, 0], "inflate": 0.03, "pivot": [0, -4, 0], "rotation": [12.2127, -43.65747, -17.40744], "uv": [23, 23], "mirror": true}
					]
				},
				{
					"name": "bone19",
					"parent": "bone8",
					"pivot": [0, -4, 0],
					"cubes": [
						{"origin": [2.25, 31.25, 0.375], "size": [1, 2, 1], "inflate": -0.1, "pivot": [0, -4, 0], "rotation": [0, -45, 0], "uv": [22, 19], "mirror": true},
						{"origin": [2, 31, 0.5], "size": [2, 2, 0], "inflate": 0.015, "pivot": [0, -4, 0], "rotation": [0, -45, 0], "uv": [4, 31], "mirror": true}
					]
				},
				{
					"name": "tail",
					"parent": "head",
					"pivot": [0, 32, 11],
					"cubes": [
						{"origin": [-3.5, 29, 9.5], "size": [7, 6, 4], "inflate": -0.01, "uv": [50, 31]}
					]
				},
				{
					"name": "tail2",
					"parent": "tail",
					"pivot": [0, 32, 14],
					"cubes": [
						{"origin": [-3, 29, 13.5], "size": [6, 6, 6], "uv": [0, 43]}
					]
				},
				{
					"name": "tail3",
					"parent": "tail2",
					"pivot": [0, 32, 19],
					"cubes": [
						{"origin": [-2.5, 29.5, 19.5], "size": [5, 5, 6], "uv": [46, 17]}
					]
				},
				{
					"name": "tail4",
					"parent": "tail3",
					"pivot": [0, 32, 25],
					"cubes": [
						{"origin": [-2, 30, 25.5], "size": [4, 4, 6], "uv": [0, 55]}
					]
				},
				{
					"name": "tail5",
					"parent": "tail4",
					"pivot": [0, 32, 31],
					"cubes": [
						{"origin": [-1.5, 30.5, 31.5], "size": [3, 3, 6], "uv": [56, 57]}
					]
				},
				{
					"name": "tail6",
					"parent": "tail5",
					"pivot": [0, 32, 38],
					"cubes": [
						{"origin": [-1.5, 30.5, 37.5], "size": [3, 3, 5], "uv": [59, 9]}
					]
				},
				{
					"name": "tail7",
					"parent": "tail6",
					"pivot": [0, 32, 43],
					"cubes": [
						{"origin": [-1.5, 30.5, 42.5], "size": [3, 3, 6], "uv": [38, 57]}
					]
				},
				{
					"name": "tail8",
					"parent": "tail7",
					"pivot": [0, 32, 49],
					"cubes": [
						{"origin": [-2, 30, 48.5], "size": [4, 4, 5], "uv": [25, 0]}
					]
				},
				{
					"name": "tail9",
					"parent": "tail8",
					"pivot": [0, 32, 54],
					"rotation": [-150, 0, 0],
					"cubes": [
						{"origin": [-2.5, 29.5, 53.5], "size": [5, 5, 8], "uv": [26, 10]}
					]
				},
				{
					"name": "arm_left",
					"parent": "torso_upper",
					"pivot": [3, 26, 7],
					"cubes": [
						{"origin": [2.5, 22.5, 5], "size": [2, 3, 3], "uv": [16, 68], "mirror": true}
					]
				},
				{
					"name": "arm_left2",
					"parent": "arm_left",
					"pivot": [4, 25, 7],
					"cubes": [
						{"origin": [4, 23, 5.5], "size": [7, 2, 2], "uv": [58, 0], "mirror": true}
					]
				},
				{
					"name": "arm_left3",
					"parent": "arm_left2",
					"pivot": [11, 25, 6],
					"cubes": [
						{"origin": [11, 23, 5.5], "size": [6, 2, 2], "uv": [62, 17], "mirror": true}
					]
				},
				{
					"name": "hand_left",
					"parent": "arm_left3",
					"pivot": [17, 25, 7],
					"cubes": [
						{"origin": [17, 23, 5], "size": [4, 2, 3], "uv": [52, 66], "mirror": true}
					]
				},
				{
					"name": "finger_middle_left",
					"parent": "hand_left",
					"pivot": [21, 24, 5],
					"rotation": [0, -90, 0],
					"cubes": [
						{"origin": [21, 23.5, 3], "size": [1, 1, 2], "inflate": 0.1, "uv": [62, 37], "mirror": true}
					]
				},
				{
					"name": "bone2",
					"parent": "finger_middle_left",
					"pivot": [21, 24, 4]
				},
				{
					"name": "finger_outer_left",
					"parent": "hand_left",
					"pivot": [21, 24, 7],
					"rotation": [0, -90, 0],
					"cubes": [
						{"origin": [21, 23.5, 5], "size": [1, 1, 2], "inflate": 0.1, "uv": [8, 58], "mirror": true}
					]
				},
				{
					"name": "bone3",
					"parent": "finger_outer_left",
					"pivot": [21, 24, 6]
				},
				{
					"name": "thumb_left",
					"parent": "hand_left",
					"pivot": [19, 24, 5],
					"cubes": [
						{"origin": [19, 23.5, 3], "size": [1, 1, 2], "inflate": 0.1, "uv": [48, 20], "mirror": true}
					]
				},
				{
					"name": "bone",
					"parent": "thumb_left",
					"pivot": [20, 24, 4]
				},
				{
					"name": "arm_right",
					"parent": "torso_upper",
					"pivot": [-3, 26, 7],
					"cubes": [
						{"origin": [-4.5, 22.5, 5], "size": [2, 3, 3], "uv": [16, 68]}
					]
				},
				{
					"name": "arm_right2",
					"parent": "arm_right",
					"pivot": [-4, 25, 7],
					"cubes": [
						{"origin": [-11, 23, 5.5], "size": [7, 2, 2], "uv": [58, 0]}
					]
				},
				{
					"name": "arm_right3",
					"parent": "arm_right2",
					"pivot": [-11, 25, 6],
					"cubes": [
						{"origin": [-17, 23, 5.5], "size": [6, 2, 2], "uv": [62, 17]}
					]
				},
				{
					"name": "hand_right",
					"parent": "arm_right3",
					"pivot": [-17, 25, 7],
					"cubes": [
						{"origin": [-21, 23, 5], "size": [4, 2, 3], "uv": [52, 66]}
					]
				},
				{
					"name": "finger_middle_right",
					"parent": "hand_right",
					"pivot": [-21, 24, 5],
					"rotation": [0, 90, 0],
					"cubes": [
						{"origin": [-22, 23.5, 3], "size": [1, 1, 2], "inflate": 0.1, "uv": [62, 37]}
					]
				},
				{
					"name": "bone4",
					"parent": "finger_middle_right",
					"pivot": [-21, 24, 4]
				},
				{
					"name": "finger_outer_right",
					"parent": "hand_right",
					"pivot": [-21, 24, 7],
					"rotation": [0, 90, 0],
					"cubes": [
						{"origin": [-22, 23.5, 5], "size": [1, 1, 2], "inflate": 0.1, "uv": [8, 58]}
					]
				},
				{
					"name": "bone5",
					"parent": "finger_outer_right",
					"pivot": [-21, 24, 6]
				},
				{
					"name": "thumb_right",
					"parent": "hand_right",
					"pivot": [-19, 24, 5],
					"cubes": [
						{"origin": [-20, 23.5, 3], "size": [1, 1, 2], "inflate": 0.1, "uv": [48, 20]}
					]
				},
				{
					"name": "bone6",
					"parent": "thumb_right",
					"pivot": [-20, 24, 4]
				},
				{
					"name": "leg_left",
					"parent": "body",
					"pivot": [3, 17, 6],
					"cubes": [
						{"origin": [2.5, 12, 0], "size": [4, 7, 5], "inflate": -0.2, "pivot": [1, 0, -1], "rotation": [-10, 0, 0], "uv": [45, 44], "mirror": true}
					]
				},
				{
					"name": "leg_left2",
					"parent": "leg_left",
					"pivot": [5, 11, 3],
					"cubes": [
						{"origin": [2.5, 6, 5.5], "size": [4, 5, 4], "inflate": -0.2, "pivot": [1, 0, -1], "rotation": [15, 0, 0], "uv": [25, 26], "mirror": true}
					]
				},
				{
					"name": "foot_left",
					"parent": "leg_left2",
					"pivot": [5, 6, 5],
					"cubes": [
						{"origin": [3, 0, 5.5], "size": [3, 7, 3], "pivot": [1, 0, -1], "rotation": [15, 0, 0], "uv": [27, 25], "mirror": true},
						{"origin": [3, -1.5, 1.5], "size": [3, 3, 5], "pivot": [1, 0, -1], "rotation": [30, 0, 0], "uv": [63, 23], "mirror": true}
					]
				},
				{
					"name": "foot_left2",
					"parent": "foot_left",
					"pivot": [5, 3, 2]
				},
				{
					"name": "toe_outer_left",
					"parent": "foot_left2",
					"pivot": [6, 3, 0],
					"cubes": [
						{"origin": [3.5, 0.25, -1], "size": [2, 2, 2], "pivot": [5, 3, 2], "rotation": [15, 0, 0], "uv": [35, 13]},
						{"origin": [3, 0.35, -4.5], "size": [3, 3, 4], "pivot": [5, 3, 2], "rotation": [30, 0, 0], "uv": [30, 14]}
					]
				},
				{
					"name": "toe_outer_left2",
					"parent": "foot_left2",
					"pivot": [3, 4, 2],
					"rotation": [0, 30, 0],
					"cubes": [
						{"origin": [2, 1.25, 1], "size": [1, 1, 2], "pivot": [2, 4, 4], "rotation": [15, 0, 0], "uv": [35, 13]},
						{"origin": [1.5, 1.35, -1.5], "size": [2, 2, 3], "pivot": [2, 4, 4], "rotation": [30, 0, 0], "uv": [31, 15]}
					]
				},
				{
					"name": "toe_outer_left3",
					"parent": "foot_left2",
					"pivot": [7, 4, 3],
					"rotation": [0, -40, 0],
					"cubes": [
						{"origin": [5.5, 1.25, 2], "size": [1, 1, 2], "pivot": [6, 4, 5], "rotation": [15, 0, 0], "uv": [35, 13]},
						{"origin": [5, 1.35, -0.5], "size": [2, 2, 3], "pivot": [6, 4, 5], "rotation": [30, 0, 0], "uv": [31, 15]}
					]
				},
				{
					"name": "toe_inner_left",
					"parent": "foot_left2",
					"pivot": [3, 3, 0]
				},
				{
					"name": "leg_right",
					"parent": "body",
					"pivot": [-3, 17, 6],
					"cubes": [
						{"origin": [-6.5, 12, 0], "size": [4, 7, 5], "inflate": -0.2, "pivot": [-1, 0, -1], "rotation": [-10, 0, 0], "uv": [45, 44]}
					]
				},
				{
					"name": "leg_right2",
					"parent": "leg_right",
					"pivot": [-5, 11, 3],
					"cubes": [
						{"origin": [-6.5, 6, 5], "size": [4, 5, 4], "inflate": -0.2, "pivot": [-1, 0, -1], "rotation": [15, 0, 0], "uv": [25, 26]}
					]
				},
				{
					"name": "foot_right",
					"parent": "leg_right2",
					"pivot": [-5, 8, 4],
					"cubes": [
						{"origin": [-6, 0, 5.5], "size": [3, 7, 3], "pivot": [-1, 0, -1], "rotation": [15, 0, 0], "uv": [27, 25]},
						{"origin": [-6, -1.5, 1.5], "size": [3, 3, 5], "pivot": [-1, 0, -1], "rotation": [30, 0, 0], "uv": [63, 23]}
					]
				},
				{
					"name": "foot_right2",
					"parent": "foot_right",
					"pivot": [-5, 3, 2]
				},
				{
					"name": "toe_outer_right",
					"parent": "foot_right2",
					"pivot": [-6, 3, 0],
					"cubes": [
						{"origin": [-5.5, 0.25, -1], "size": [2, 2, 2], "pivot": [-5, 3, 2], "rotation": [15, 0, 0], "uv": [35, 13], "mirror": true},
						{"origin": [-6, 0.35, -4.5], "size": [3, 3, 4], "pivot": [-5, 3, 2], "rotation": [30, 0, 0], "uv": [30, 14], "mirror": true}
					]
				},
				{
					"name": "toe_outer_right2",
					"parent": "foot_right2",
					"pivot": [-3, 4, 2],
					"rotation": [0, -30, 0],
					"cubes": [
						{"origin": [-3, 1.25, 1], "size": [1, 1, 2], "pivot": [-2, 4, 4], "rotation": [15, 0, 0], "uv": [35, 13], "mirror": true},
						{"origin": [-3.5, 1.35, -1.5], "size": [2, 2, 3], "pivot": [-2, 4, 4], "rotation": [30, 0, 0], "uv": [31, 15], "mirror": true}
					]
				},
				{
					"name": "toe_outer_right3",
					"parent": "foot_right2",
					"pivot": [-7, 4, 3],
					"rotation": [0, 40, 0],
					"cubes": [
						{"origin": [-6.5, 1.25, 2], "size": [1, 1, 2], "pivot": [-6, 4, 5], "rotation": [15, 0, 0], "uv": [35, 13], "mirror": true},
						{"origin": [-7, 1.35, -0.5], "size": [2, 2, 3], "pivot": [-6, 4, 5], "rotation": [30, 0, 0], "uv": [31, 15], "mirror": true}
					]
				},
				{
					"name": "toe_inner_right",
					"parent": "foot_right2",
					"pivot": [-3, 3, 0]
				}
			]
		}
	]
}